-- MySQL dump 10.16  Distrib 10.1.37-MariaDB, for debian-linux-gnu (x86_64)
--
-- Host: db    Database: curza
-- ------------------------------------------------------
-- Server version	5.7.25

/*!40101 SET @OLD_CHARACTER_SET_CLIENT=@@CHARACTER_SET_CLIENT */;
/*!40101 SET @OLD_CHARACTER_SET_RESULTS=@@CHARACTER_SET_RESULTS */;
/*!40101 SET @OLD_COLLATION_CONNECTION=@@COLLATION_CONNECTION */;
/*!40101 SET NAMES utf8mb4 */;
/*!40103 SET @OLD_TIME_ZONE=@@TIME_ZONE */;
/*!40103 SET TIME_ZONE='+00:00' */;
/*!40014 SET @OLD_UNIQUE_CHECKS=@@UNIQUE_CHECKS, UNIQUE_CHECKS=0 */;
/*!40014 SET @OLD_FOREIGN_KEY_CHECKS=@@FOREIGN_KEY_CHECKS, FOREIGN_KEY_CHECKS=0 */;
/*!40101 SET @OLD_SQL_MODE=@@SQL_MODE, SQL_MODE='NO_AUTO_VALUE_ON_ZERO' */;
/*!40111 SET @OLD_SQL_NOTES=@@SQL_NOTES, SQL_NOTES=0 */;

--
-- Table structure for table `asignatura`
--

DROP TABLE IF EXISTS `asignatura`;
/*!40101 SET @saved_cs_client     = @@character_set_client */;
/*!40101 SET character_set_client = utf8 */;
CREATE TABLE `asignatura` (
  `id` int(11) NOT NULL AUTO_INCREMENT,
  `orden` int(11) DEFAULT NULL,
  `nomenclatura` varchar(255) COLLATE utf8_spanish_ci NOT NULL,
  `curso` int(11) DEFAULT NULL,
  `cuatrimestre` int(11) DEFAULT NULL,
  `carga_horaria_sem` int(11) DEFAULT NULL,
  `carga_horaria_cuatr` int(11) DEFAULT NULL,
  `plan_id` int(11) DEFAULT NULL,
  `departamento_id` int(11) DEFAULT NULL,
  PRIMARY KEY (`id`),
  KEY `planasignatura` (`plan_id`),
  KEY `departamentoasignatura` (`departamento_id`),
  CONSTRAINT `departamentoasignatura` FOREIGN KEY (`departamento_id`) REFERENCES `departamento` (`id`) ON DELETE NO ACTION ON UPDATE NO ACTION,
  CONSTRAINT `planasignatura` FOREIGN KEY (`plan_id`) REFERENCES `plan` (`id`) ON DELETE NO ACTION ON UPDATE NO ACTION
) ENGINE=InnoDB AUTO_INCREMENT=131 DEFAULT CHARSET=utf8 COLLATE=utf8_spanish_ci;
/*!40101 SET character_set_client = @saved_cs_client */;

--
-- Dumping data for table `asignatura`
--

LOCK TABLES `asignatura` WRITE;
/*!40000 ALTER TABLE `asignatura` DISABLE KEYS */;
INSERT INTO `asignatura` VALUES (1,NULL,'Introducción a las Ciencias Aplicadas',1,1,-1,-1,14,7),(2,NULL,'Introducción al Cuidado de la Salud',1,1,-1,-1,14,7),(3,NULL,'Morfofisiología Aplicada',1,0,-1,-1,14,7),(4,NULL,'Psicología General y Evolutiva',1,1,-1,-1,14,7),(5,NULL,'Aspectos Antropológicos del Cuidado',1,1,-1,-1,14,7),(6,NULL,'Fundamentos de Enfermería',1,2,-1,-1,14,7),(7,NULL,'Física y Química Biológica Aplicada',1,2,-1,-1,14,7),(8,NULL,'Microbiología y Parasitología',1,2,-1,-1,14,7),(9,NULL,'Cuidados Enfermeros de Salud Psicosocial',2,0,-1,-1,14,7),(10,NULL,'Farmacología I',2,1,-1,-1,14,7),(11,NULL,'Nutrición y Dietoterapia',2,1,-1,-1,14,7),(12,NULL,'Cuidados del Adulto y del Anciano',2,0,-1,-1,14,7),(13,NULL,'Aspectos Bioéticos y Legales del Cuidado Enfermero',2,2,-1,-1,14,7),(14,NULL,'Psicología Social y de las Org.',2,2,-1,-1,14,7),(15,NULL,'Farmacología II',2,2,-1,-1,14,7),(16,NULL,'Cuidados de la Salud de la Mujer',3,1,-1,-1,14,7),(17,NULL,'Bioestadística y Epidemiología Aplicada',3,1,-1,-1,14,7),(18,NULL,'Aspectos Sociológicos del Cuidado',3,1,-1,-1,14,7),(19,NULL,'Inglés',3,0,-1,-1,14,7),(20,NULL,'Cuidados para la Salud Comunitaria I',3,2,-1,-1,14,7),(21,NULL,'Cuidados de la Salud de Niños y Adolescentes',3,2,-1,-1,14,7),(22,NULL,'Fundamentos de Investigación en Enfermería',3,2,-1,-1,14,7),(23,NULL,'Práctica Integradora de Cuidados Enfermeros I',3,2,-1,-1,14,7),(24,NULL,'Seminario: La Disciplina Enfermera',4,1,-1,-1,14,7),(25,NULL,'Metodología de la Investigación en el Cuidado Enfermero',4,0,-1,-1,14,7),(26,NULL,'Cuidados a Personas en Alto Riesgo de Salud',4,0,-1,-1,14,7),(27,NULL,'Bioestadística Aplicada',4,1,-1,-1,14,7),(28,NULL,'Formación en Enfermería',4,2,-1,-1,14,7),(29,NULL,'Seminario',4,2,-1,-1,14,7),(30,NULL,'Administracion en Enfermería',5,0,-1,-1,14,7),(31,NULL,'Cuidados para la Salud Comunitaria II',5,1,-1,-1,14,7),(32,NULL,'Práctica Integradora de Cuidados Enfermeros II',5,1,-1,-1,14,7),(33,NULL,'Tesis',5,1,-1,-1,14,7),(34,NULL,'Introducción a la Computación',1,1,8,128,1,1),(35,NULL,'Matemática General',1,1,8,128,1,1),(36,NULL,'Inglés Técnico',1,1,4,64,1,1),(37,NULL,'Introducción a la programación',1,2,8,128,1,1),(38,NULL,'Introducción a la Administración de Sistemas',1,2,4,64,1,1),(39,NULL,'Redes de datos',1,2,8,128,1,1),(40,NULL,'Software Libre',2,1,4,64,1,1),(41,NULL,'Taller de Hardware y Software',2,1,8,128,1,1),(42,NULL,'Administración de Sistemas',2,1,8,128,1,1),(43,NULL,'Administración de servicios',2,2,8,128,1,1),(44,NULL,'Sistemas de información',2,2,8,128,1,1),(45,NULL,'Automatización y Scripting',2,2,4,64,1,1),(46,NULL,'Administración de sistemas Avanzada',3,1,8,128,1,1),(47,NULL,'Aplicaciones libres',3,1,8,128,1,1),(48,NULL,'Electiva',3,1,4,64,1,1),(49,NULL,'Introducción a las Ciencias Aplicadas',0,1,NULL,64,15,NULL),(50,NULL,'Introducción al Cuidado de la Salud',0,1,NULL,80,15,NULL),(51,NULL,'Morfofisiología Aplicada',0,0,NULL,128,15,NULL),(52,NULL,'Psicología General y Evolutiva',0,0,NULL,64,15,NULL),(53,NULL,'Aspectos Antropológicos del Cuidado',0,1,NULL,64,15,NULL),(54,NULL,'Fundamentos de Enfermería',0,1,NULL,240,15,NULL),(55,NULL,'Física y Química Biológica Aplicadas',0,1,NULL,64,15,NULL),(56,NULL,'Microbiología y Parasitología',0,1,NULL,64,15,NULL),(57,NULL,'Cuidados Enfermeros de Salud Psicosocial',1,0,NULL,192,15,NULL),(58,NULL,'Farmacología I',1,1,NULL,48,15,NULL),(59,NULL,'Seminario de Investigacíon Psicopedagógica',4,1,6,NULL,17,NULL),(60,NULL,'Residencia',4,0,6,NULL,17,NULL),(61,NULL,'Tesis',4,0,NULL,NULL,17,NULL),(62,NULL,'Filosofía',0,1,6,96,17,NULL),(63,NULL,'Sociología',0,1,6,96,17,NULL),(64,NULL,'Psicología',0,1,6,96,17,NULL),(65,NULL,'Pedagogía',0,2,6,96,17,NULL),(66,NULL,'Ciencia y Conocimiento Científico',0,2,6,96,17,NULL),(67,NULL,'Antropología Socio-cultural',0,2,6,96,17,NULL),(68,NULL,'Historia de la Educación Argentina',1,1,6,96,17,NULL),(69,NULL,'Sociología',0,1,6,96,18,NULL),(70,NULL,'Psicología',0,1,6,96,18,NULL),(71,NULL,'Pedagogía',0,2,6,96,18,NULL),(72,NULL,'Ciencia y Conocimiento Científico',0,2,6,96,18,NULL),(73,NULL,'Antropología Socio Cultural',0,2,6,96,18,NULL),(74,NULL,'Historia de la Educación Argentina',0,1,6,96,18,NULL),(75,NULL,'Psicoanálisis',0,0,6,192,18,NULL),(76,NULL,'Neurofisiología',0,1,6,96,18,NULL),(77,NULL,'Psicología Genética',0,0,5,160,18,NULL),(78,NULL,'Psicología evolutiva',0,2,6,96,18,NULL),(79,NULL,'Química Agrícola',0,1,5,80,20,NULL),(80,NULL,'Botánica General',0,1,5,80,20,NULL),(81,NULL,'Sociología',0,1,6,96,20,NULL),(82,NULL,'Perspectiva Socio-Antropológica',0,1,3,48,20,NULL),(83,NULL,'Introducción a los Sistemas Agropecuarios',0,0,3,96,20,NULL),(84,NULL,'Seminario TIC',0,2,5,80,20,NULL),(85,NULL,'Química Biológica',0,2,5,80,20,NULL),(86,NULL,'Pedagogía',0,2,6,96,20,NULL),(87,NULL,'Introducción a la Matemática',1,1,3,48,20,NULL),(88,NULL,'Principios de Agroecología',1,1,5,80,20,NULL),(89,NULL,'Sociología',0,1,6,96,22,NULL),(90,NULL,'Derecho Constitucional',0,1,6,96,22,NULL),(91,NULL,'Literatura, Arte y Sociedad Argentina',NULL,1,6,96,26,NULL),(92,NULL,'Prácticas Letradas I',NULL,1,6,96,26,NULL),(93,NULL,'Metodología de la Investigación en Humanidades y Arte',NULL,1,6,96,26,NULL),(94,NULL,'Literatura, Arte y Sociedad Latinoamericana',NULL,2,6,96,26,NULL),(95,NULL,'Prácticas Letradas II',NULL,2,4,64,26,NULL),(96,NULL,'Medios de Comunicación',NULL,2,6,96,26,NULL),(97,NULL,'Antropología Sociocultural',NULL,2,6,96,26,NULL),(98,NULL,'Políticas Culturales',NULL,1,6,96,26,NULL),(99,NULL,'Prácticas Letradas III',NULL,1,4,64,26,NULL),(100,NULL,'Arte y Espacio Público',NULL,1,6,96,26,NULL),(101,NULL,'Instituciones del Derecho Público',0,1,6,96,28,NULL),(102,NULL,'Sociología',0,1,6,96,28,NULL),(103,NULL,'Administración General',0,1,6,96,28,NULL),(104,NULL,'Historia Económica y Social Argentina',0,2,6,96,28,NULL),(105,NULL,'Ciencia y Conocimiento Científico',0,2,6,96,28,NULL),(106,NULL,'Sociología de las organizaciones',0,2,6,96,28,NULL),(107,NULL,'Matemática I',0,2,6,96,28,NULL),(108,NULL,'Teoría Contable',1,1,6,96,28,NULL),(109,NULL,'Matemática II',1,1,6,96,28,NULL),(110,NULL,'Economía I',1,1,6,96,28,NULL),(111,NULL,'Introducción a la Computación',0,1,8,128,29,NULL),(112,NULL,'Matemática General',0,1,8,128,29,NULL),(113,NULL,'Inglés Técnico',0,1,4,64,29,NULL),(114,NULL,'Introducción a la Programación',0,2,8,128,29,NULL),(115,NULL,'Introducción a la Administración de Sistemas',0,2,4,64,29,NULL),(116,NULL,'Redes de Datos',0,2,8,128,29,NULL),(117,NULL,'Software Libre',1,1,4,64,29,NULL),(118,NULL,'Taller de Hardware y Software',NULL,1,8,128,29,NULL),(119,NULL,'Administración de Sistemas',NULL,1,8,128,29,NULL),(120,NULL,'Administración de Servicios',NULL,2,8,128,29,NULL),(121,NULL,'Matemática General',0,1,8,128,30,NULL),(122,NULL,'Introducción a la Programación',NULL,1,8,128,30,NULL),(123,NULL,'Inglés Técnico',NULL,1,4,64,30,NULL),(124,NULL,'Programación Estática y Laboratorio Web',NULL,2,8,128,30,NULL),(125,NULL,'Introducción a la Programación Orientada a Objetos',NULL,2,8,128,30,NULL),(126,NULL,'Conceptos de Base de Datos',NULL,2,4,64,30,NULL),(127,NULL,'Programación Web Dinámica',0,1,10,160,30,NULL),(128,NULL,'Arquitectura y Seguridad de Computadoras',NULL,1,8,128,30,NULL),(129,NULL,'Diseño Gráfico',NULL,1,4,64,30,NULL),(130,NULL,'Programación Web Avanzada',NULL,2,10,160,30,NULL);
/*!40000 ALTER TABLE `asignatura` ENABLE KEYS */;
UNLOCK TABLES;

--
-- Table structure for table `cargo`
--

DROP TABLE IF EXISTS `cargo`;
/*!40101 SET @saved_cs_client     = @@character_set_client */;
/*!40101 SET character_set_client = utf8 */;
CREATE TABLE `cargo` (
  `id` int(11) NOT NULL AUTO_INCREMENT,
  `nomenclatura` varchar(255) COLLATE utf8_spanish_ci DEFAULT NULL,
  `carga_programa` tinyint(1) DEFAULT NULL,
  PRIMARY KEY (`id`),
  UNIQUE KEY `carga_programa` (`carga_programa`)
) ENGINE=InnoDB AUTO_INCREMENT=7 DEFAULT CHARSET=utf8 COLLATE=utf8_spanish_ci;
/*!40101 SET character_set_client = @saved_cs_client */;

--
-- Dumping data for table `cargo`
--

LOCK TABLES `cargo` WRITE;
/*!40000 ALTER TABLE `cargo` DISABLE KEYS */;
INSERT INTO `cargo` VALUES (1,'Profesor Adjunto Regular',1),(2,'Asistente de Docencia Regular',NULL),(3,'Ayudante de primera',NULL),(4,'Ayudante de segunda',NULL),(6,'Director',NULL);
/*!40000 ALTER TABLE `cargo` ENABLE KEYS */;
UNLOCK TABLES;

--
-- Table structure for table `carrera`
--

DROP TABLE IF EXISTS `carrera`;
/*!40101 SET @saved_cs_client     = @@character_set_client */;
/*!40101 SET character_set_client = utf8 */;
CREATE TABLE `carrera` (
  `id` int(11) NOT NULL AUTO_INCREMENT,
  `nom` varchar(255) COLLATE utf8_spanish_ci NOT NULL,
  `codigo` int(11) DEFAULT NULL,
  `departamento_id` int(11) DEFAULT NULL,
  PRIMARY KEY (`id`),
  KEY `departamentocarrera` (`departamento_id`),
  CONSTRAINT `departamentocarrera` FOREIGN KEY (`departamento_id`) REFERENCES `departamento` (`id`) ON DELETE NO ACTION ON UPDATE NO ACTION
) ENGINE=InnoDB AUTO_INCREMENT=29 DEFAULT CHARSET=utf8 COLLATE=utf8_spanish_ci;
/*!40101 SET character_set_client = @saved_cs_client */;

--
-- Dumping data for table `carrera`
--

LOCK TABLES `carrera` WRITE;
/*!40000 ALTER TABLE `carrera` DISABLE KEYS */;
INSERT INTO `carrera` VALUES (1,'Tec. Universitaria en Administración de Sistemas y Software Libre',NULL,1),(2,'Tec. Universitaria en Desarrollo Web',NULL,1),(3,'Profesorado de Lengua y Comunicación Oral y Escrita',NULL,2),(4,'Licenciatura en Psicopedagogía',NULL,3),(5,'Licenciatura en Administración Pública',NULL,4),(6,'Tecnicatura Superior en Administración Pública',NULL,4),(7,'Licenciatura en Gestión de Recursos Humanos',NULL,4),(8,'Profesorado en Psicopedagogía',NULL,3),(9,'Licenciatura en Ciencia Política',NULL,5),(10,'Profesorado Universitario en Ciencia Política',NULL,5),(11,'Licenciatura en Gestión de Empresas Agropecuarias',NULL,6),(12,'Profesorado en Ciencias Agropecuarias',NULL,6),(13,'Tecnicatura Superior en Producción Agropecuaria',NULL,6),(14,'Licenciatura en Enfermería',NULL,7),(15,'Licenciatura en Enfermería',NULL,8),(16,'Licenciatura en Psicopedagogía',NULL,9),(17,'Profesorado en Psicopedagogía',NULL,9),(18,'Licenciatura en Gestión de Empresas Agropecuarias',NULL,10),(19,'Profesorado en Ciencias Agropecuarias',NULL,10),(20,'Tecnicatura Superior en Producción Agropecuaria',NULL,10),(21,'Licenciatura en Ciencias Políticas',NULL,11),(22,'Profesorado Universitario en Ciencias Políticas',NULL,11),(23,'Profesorado de Lengua y Comunicación Oral y Escrita',NULL,12),(24,'Licenciatura en Arte y Sociedad',NULL,12),(25,'Licenciatura en Administración Pública',NULL,13),(26,'Tecnicatura Universitaria en Administración Pública',NULL,13),(27,'Tecnicatura Universitaria en Administración de Sistemas y Software Libre',NULL,14),(28,'Tecnicatura Universitaria en Desarrollo Web',NULL,14);
/*!40000 ALTER TABLE `carrera` ENABLE KEYS */;
UNLOCK TABLES;

--
-- Table structure for table `departamento`
--

DROP TABLE IF EXISTS `departamento`;
/*!40101 SET @saved_cs_client     = @@character_set_client */;
/*!40101 SET character_set_client = utf8 */;
CREATE TABLE `departamento` (
  `id` int(11) NOT NULL AUTO_INCREMENT,
  `nom` varchar(255) COLLATE utf8_spanish_ci NOT NULL,
  `slug` varchar(255) COLLATE utf8_spanish_ci NOT NULL,
  `director` int(11) DEFAULT NULL,
  PRIMARY KEY (`id`),
  KEY `designaciondepartamento` (`director`),
  CONSTRAINT `designaciondepartamento` FOREIGN KEY (`director`) REFERENCES `designacion` (`id`) ON DELETE NO ACTION ON UPDATE NO ACTION
) ENGINE=InnoDB AUTO_INCREMENT=15 DEFAULT CHARSET=utf8 COLLATE=utf8_spanish_ci;
/*!40101 SET character_set_client = @saved_cs_client */;

--
-- Dumping data for table `departamento`
--

LOCK TABLES `departamento` WRITE;
/*!40000 ALTER TABLE `departamento` DISABLE KEYS */;
INSERT INTO `departamento` VALUES (1,'Ciencia y Tecnología','cyt',1),(2,'Lengua y comunicación','llyc',NULL),(3,'Psicopedagogía','psicopedagogia',NULL),(4,'Administración Pública','ap',NULL),(5,'Estudios Políticos','ep',NULL),(6,'Gestión Agropecuaria','ga',NULL),(7,'Coordinación de Licenciatura en Enfermeria','cle',NULL),(8,'Enfermería','',NULL),(9,'Psicopedagogía','',NULL),(10,'Gestión Agropecuaria','',NULL),(11,'Estudios Políticos','',NULL),(12,'Lengua, Literatura y Comunicación','',NULL),(13,'Administración Pública','',NULL),(14,'Ciencia y Tecnología','',NULL);
/*!40000 ALTER TABLE `departamento` ENABLE KEYS */;
UNLOCK TABLES;

--
-- Table structure for table `designacion`
--

DROP TABLE IF EXISTS `designacion`;
/*!40101 SET @saved_cs_client     = @@character_set_client */;
/*!40101 SET character_set_client = utf8 */;
CREATE TABLE `designacion` (
  `id` int(11) NOT NULL AUTO_INCREMENT,
  `cargo_id` int(11) DEFAULT NULL,
  `perfil_id` int(11) DEFAULT NULL,
  `programa_id` int(11) DEFAULT NULL,
  `departamento_id` int(11) DEFAULT NULL,
  PRIMARY KEY (`id`),
  KEY `cargodesignacion` (`cargo_id`),
  KEY `userdesignacion` (`perfil_id`),
  KEY `programadesignacion` (`programa_id`),
  KEY `deptodesignacion` (`departamento_id`),
  CONSTRAINT `cargodesignacion` FOREIGN KEY (`cargo_id`) REFERENCES `cargo` (`id`) ON DELETE NO ACTION ON UPDATE NO ACTION,
  CONSTRAINT `deptodesignacion` FOREIGN KEY (`departamento_id`) REFERENCES `departamento` (`id`) ON DELETE NO ACTION ON UPDATE NO ACTION,
  CONSTRAINT `programadesignacion` FOREIGN KEY (`programa_id`) REFERENCES `programa` (`id`) ON DELETE NO ACTION ON UPDATE NO ACTION,
  CONSTRAINT `userdesignacion` FOREIGN KEY (`perfil_id`) REFERENCES `perfil` (`id`) ON DELETE NO ACTION ON UPDATE NO ACTION
) ENGINE=InnoDB AUTO_INCREMENT=2 DEFAULT CHARSET=utf8 COLLATE=utf8_spanish_ci;
/*!40101 SET character_set_client = @saved_cs_client */;

--
-- Dumping data for table `designacion`
--

LOCK TABLES `designacion` WRITE;
/*!40000 ALTER TABLE `designacion` DISABLE KEYS */;
INSERT INTO `designacion` VALUES (1,6,77,NULL,1);
/*!40000 ALTER TABLE `designacion` ENABLE KEYS */;
UNLOCK TABLES;

--
-- Table structure for table `estado`
--

DROP TABLE IF EXISTS `estado`;
/*!40101 SET @saved_cs_client     = @@character_set_client */;
/*!40101 SET character_set_client = utf8 */;
CREATE TABLE `estado` (
  `id` int(11) NOT NULL AUTO_INCREMENT,
  `estado_nombre` varchar(45) COLLATE utf8_unicode_ci NOT NULL,
  `estado_valor` int(11) NOT NULL,
  `created_by` int(11) NOT NULL,
  `updated_by` int(11) NOT NULL,
  PRIMARY KEY (`id`)
) ENGINE=InnoDB AUTO_INCREMENT=3 DEFAULT CHARSET=utf8 COLLATE=utf8_unicode_ci;
/*!40101 SET character_set_client = @saved_cs_client */;

--
-- Dumping data for table `estado`
--

LOCK TABLES `estado` WRITE;
/*!40000 ALTER TABLE `estado` DISABLE KEYS */;
INSERT INTO `estado` VALUES (1,'Activo',10,0,0),(2,'Pendiente',5,0,0);
/*!40000 ALTER TABLE `estado` ENABLE KEYS */;
UNLOCK TABLES;

--
-- Table structure for table `genero`
--

DROP TABLE IF EXISTS `genero`;
/*!40101 SET @saved_cs_client     = @@character_set_client */;
/*!40101 SET character_set_client = utf8 */;
CREATE TABLE `genero` (
  `id` int(11) NOT NULL AUTO_INCREMENT,
  `genero_nombre` varchar(45) COLLATE utf8_unicode_ci NOT NULL,
  PRIMARY KEY (`id`)
) ENGINE=InnoDB AUTO_INCREMENT=3 DEFAULT CHARSET=utf8 COLLATE=utf8_unicode_ci;
/*!40101 SET character_set_client = @saved_cs_client */;

--
-- Dumping data for table `genero`
--

LOCK TABLES `genero` WRITE;
/*!40000 ALTER TABLE `genero` DISABLE KEYS */;
INSERT INTO `genero` VALUES (1,'masculino'),(2,'femenino');
/*!40000 ALTER TABLE `genero` ENABLE KEYS */;
UNLOCK TABLES;

--
-- Table structure for table `migration`
--

DROP TABLE IF EXISTS `migration`;
/*!40101 SET @saved_cs_client     = @@character_set_client */;
/*!40101 SET character_set_client = utf8 */;
CREATE TABLE `migration` (
  `version` varchar(180) COLLATE utf8_unicode_ci NOT NULL,
  `apply_time` int(11) DEFAULT NULL,
  PRIMARY KEY (`version`)
) ENGINE=InnoDB DEFAULT CHARSET=utf8 COLLATE=utf8_unicode_ci;
/*!40101 SET character_set_client = @saved_cs_client */;

--
-- Dumping data for table `migration`
--

LOCK TABLES `migration` WRITE;
/*!40000 ALTER TABLE `migration` DISABLE KEYS */;
INSERT INTO `migration` VALUES ('m000000_000000_base',1551150819),('m130524_201442_init',1551150821),('m180401_141409_status',1551150822),('m180524_201332_cargo',1551150822),('m180524_201443_departamento',1551150822),('m180525_124502_carrera',1551150823),('m180906_125929_plan',1551150823),('m180906_125930_asignatura',1551150825),('m180907_113937_programa',1551150826),('m180907_113947_unidad',1551150826),('m180907_114122_objetivo',1551150827),('m180907_115642_tema',1551150828),('m180908_125934_designacion',1551150830),('m181112_195754_observacion',1551150831),('m190220_035256_usuarios',1551151275),('m190225_205340_datos',1551151305);
/*!40000 ALTER TABLE `migration` ENABLE KEYS */;
UNLOCK TABLES;

--
-- Table structure for table `objetivo`
--

DROP TABLE IF EXISTS `objetivo`;
/*!40101 SET @saved_cs_client     = @@character_set_client */;
/*!40101 SET character_set_client = utf8 */;
CREATE TABLE `objetivo` (
  `id` int(11) NOT NULL AUTO_INCREMENT,
  `descripcion` varchar(255) COLLATE utf8_spanish_ci NOT NULL,
  `programa_id` int(11) DEFAULT NULL,
  PRIMARY KEY (`id`),
  KEY `programaobjetivo` (`programa_id`),
  CONSTRAINT `programaobjetivo` FOREIGN KEY (`programa_id`) REFERENCES `programa` (`id`) ON DELETE NO ACTION ON UPDATE NO ACTION
) ENGINE=InnoDB DEFAULT CHARSET=utf8 COLLATE=utf8_spanish_ci;
/*!40101 SET character_set_client = @saved_cs_client */;

--
-- Dumping data for table `objetivo`
--

LOCK TABLES `objetivo` WRITE;
/*!40000 ALTER TABLE `objetivo` DISABLE KEYS */;
/*!40000 ALTER TABLE `objetivo` ENABLE KEYS */;
UNLOCK TABLES;

--
-- Table structure for table `observacion`
--

DROP TABLE IF EXISTS `observacion`;
/*!40101 SET @saved_cs_client     = @@character_set_client */;
/*!40101 SET character_set_client = utf8 */;
CREATE TABLE `observacion` (
  `id` int(11) NOT NULL AUTO_INCREMENT,
  `texto` text COLLATE utf8_spanish_ci NOT NULL,
  `programa_id` int(11) DEFAULT NULL,
  PRIMARY KEY (`id`),
  KEY `programaobservacion` (`programa_id`),
  CONSTRAINT `programaobservacion` FOREIGN KEY (`programa_id`) REFERENCES `programa` (`id`) ON DELETE NO ACTION ON UPDATE NO ACTION
) ENGINE=InnoDB AUTO_INCREMENT=2 DEFAULT CHARSET=utf8 COLLATE=utf8_spanish_ci;
/*!40101 SET character_set_client = @saved_cs_client */;

--
-- Dumping data for table `observacion`
--

LOCK TABLES `observacion` WRITE;
/*!40000 ALTER TABLE `observacion` DISABLE KEYS */;
INSERT INTO `observacion` VALUES (1,'<p>algo</p>',5);
/*!40000 ALTER TABLE `observacion` ENABLE KEYS */;
UNLOCK TABLES;

--
-- Table structure for table `perfil`
--

DROP TABLE IF EXISTS `perfil`;
/*!40101 SET @saved_cs_client     = @@character_set_client */;
/*!40101 SET character_set_client = utf8 */;
CREATE TABLE `perfil` (
  `id` int(11) NOT NULL AUTO_INCREMENT,
  `user_id` int(11) DEFAULT NULL,
  `nombre` text COLLATE utf8_unicode_ci,
  `apellido` text COLLATE utf8_unicode_ci,
  `fecha_nacimiento` date DEFAULT NULL,
  `genero_id` int(11) NOT NULL,
  `imagen` varchar(80) COLLATE utf8_unicode_ci NOT NULL,
  `created_at` datetime DEFAULT NULL,
  `updated_at` datetime DEFAULT NULL,
  `created_by` int(11) NOT NULL,
  `updated_by` int(11) NOT NULL,
  PRIMARY KEY (`id`),
  KEY `fk_perfil_genero_id` (`genero_id`),
  CONSTRAINT `fk_perfil_genero_id` FOREIGN KEY (`genero_id`) REFERENCES `genero` (`id`) ON UPDATE CASCADE
) ENGINE=InnoDB AUTO_INCREMENT=283 DEFAULT CHARSET=utf8 COLLATE=utf8_unicode_ci;
/*!40101 SET character_set_client = @saved_cs_client */;

--
-- Dumping data for table `perfil`
--

LOCK TABLES `perfil` WRITE;
/*!40000 ALTER TABLE `perfil` DISABLE KEYS */;
INSERT INTO `perfil` VALUES (1,4,'profesor','profesor',NULL,1,'',NULL,NULL,0,0),(2,5,'departamento','departamento',NULL,1,'',NULL,NULL,0,0),(3,10,'departamento2','departamento2',NULL,1,'',NULL,NULL,0,0),(4,9,'profesor2','profesor2',NULL,2,'',NULL,NULL,0,0),(35,41,'MARIO FRANCISCO','ALIANI',NULL,1,'',NULL,NULL,0,0),(36,42,'GUSTAVO RAFAEL','ALONSO',NULL,1,'',NULL,NULL,0,0),(37,43,'OLGA PATRICIA','ALONSO',NULL,1,'',NULL,NULL,0,0),(38,44,'LILIANA MABEL','ALVAREZ',NULL,1,'',NULL,NULL,0,0),(39,45,'SERGIO ANDRES','AMOROSO',NULL,1,'',NULL,NULL,0,0),(40,46,'DORA ARMONIA','BONARDO',NULL,1,'',NULL,NULL,0,0),(41,47,'MARÍA LAURA','CABEZAS',NULL,1,'',NULL,NULL,0,0),(42,48,'ROBERTO ANDRES','CUERVO',NULL,1,'',NULL,NULL,0,0),(43,49,'JORGE SEBASTIAN','DEMICH',NULL,1,'',NULL,NULL,0,0),(44,50,'MONICA SUSANA','ESPECHE',NULL,1,'',NULL,NULL,0,0),(45,51,'MARIA GABRIELA','FARRONI',NULL,1,'',NULL,NULL,0,0),(46,52,'NÉLSON FABÍAN','FERNANDEZ',NULL,1,'',NULL,NULL,0,0),(47,53,'MIRTA EDITH','FERRERO',NULL,1,'',NULL,NULL,0,0),(48,54,'ESTEFANÍA','FRANCIONI',NULL,1,'',NULL,NULL,0,0),(49,55,'MARTHA GLORIA','GHIANNI',NULL,1,'',NULL,NULL,0,0),(50,56,'MARIA CONSTANZA','GINESTET',NULL,1,'',NULL,NULL,0,0),(51,57,'JOSE ANTONIO','GOMIZ GOMIZ',NULL,1,'',NULL,NULL,0,0),(52,58,'ROMINA SOLEDAD','HERNANDEZ',NULL,1,'',NULL,NULL,0,0),(53,59,'NILDA BEATRIZ','HERRERA',NULL,1,'',NULL,NULL,0,0),(54,60,'SOLEDAD INES','HERRERA',NULL,1,'',NULL,NULL,0,0),(55,61,'SUSANA PATRICIA','LOPEZ',NULL,1,'',NULL,NULL,0,0),(56,62,'MARÍA LAURA','MARTIRENA',NULL,1,'',NULL,NULL,0,0),(57,63,'DEBORAT JAQUELIN','MAUREIRA',NULL,1,'',NULL,NULL,0,0),(58,64,'DANIEL JORGE','MIÑON',NULL,1,'',NULL,NULL,0,0),(59,65,'DANIELA LUISA','MIRANDA',NULL,1,'',NULL,NULL,0,0),(60,66,'LUIS ANTONIO','ÑANCULEO',NULL,1,'',NULL,NULL,0,0),(61,67,'MARIA EMILIA','OCAMPO',NULL,1,'',NULL,NULL,0,0),(62,68,'CARINA PAOLA','OPAZO',NULL,1,'',NULL,NULL,0,0),(63,69,'IVANA MAGALÍ','PAGGI',NULL,1,'',NULL,NULL,0,0),(64,70,'LIDIA ZULEMA','PEÑA',NULL,1,'',NULL,NULL,0,0),(65,71,'RODRIGO','PEREZ',NULL,1,'',NULL,NULL,0,0),(66,72,'GRACIELA MARIA','PERREN',NULL,1,'',NULL,NULL,0,0),(67,73,'ELIDA MARIA','PICA',NULL,1,'',NULL,NULL,0,0),(68,74,'LUIS EMILIO','PRAVATO',NULL,1,'',NULL,NULL,0,0),(69,75,'CLELIA ARACELI','RODRIGUEZ TAYLOR',NULL,1,'',NULL,NULL,0,0),(70,76,'PABLO RICARDO','TAGLIANI',NULL,1,'',NULL,NULL,0,0),(71,77,'HUGO VICTOR','VILLCA',NULL,1,'',NULL,NULL,0,0),(72,78,'ADRIANA CECILIA','ZARATIEGUI',NULL,1,'',NULL,NULL,0,0),(73,79,'JUAN PEDRO','AZCONA',NULL,1,'',NULL,NULL,0,0),(74,80,'LEANDRO MARTÍN','BOISSELIER',NULL,1,'',NULL,NULL,0,0),(75,81,'JUAN CARLOS','BROCCA',NULL,1,'',NULL,NULL,0,0),(76,82,'ANA ROSA','CALVO',NULL,1,'',NULL,NULL,0,0),(77,83,'CECILIA EDITH','CAMERA',NULL,1,'',NULL,NULL,0,0),(78,84,'JULIO GABRIEL','COLOMBO',NULL,1,'',NULL,NULL,0,0),(79,85,'MARIA LUJAN','COLUEQUE',NULL,1,'',NULL,NULL,0,0),(80,86,'TATIANA INES','GIBELLI',NULL,1,'',NULL,NULL,0,0),(81,87,'EVANGELINA JULIA','LUI',NULL,1,'',NULL,NULL,0,0),(82,88,'NESTOR JULIAN','MURPHY',NULL,2,'',NULL,'2019-02-27 01:49:58',0,0),(83,89,'NADIA ','RIQUELME',NULL,1,'',NULL,NULL,0,0),(84,90,'NICOLAS GUSTAVO','ROSBACO',NULL,1,'',NULL,NULL,0,0),(85,91,'PEDRO BENJAMIN','SALOMON',NULL,1,'',NULL,NULL,0,0),(86,92,'VALERIA','D\'ANGELO',NULL,1,'',NULL,NULL,0,0),(87,93,'JUAN JOSE','GUIDI',NULL,1,'',NULL,NULL,0,0),(88,94,'MARÍA SILVIA DE LOS A.','ALASIO',NULL,1,'',NULL,NULL,0,0),(89,95,'ROCÍO BELÉN','ANDRADE',NULL,1,'',NULL,NULL,0,0),(90,96,'MARIA JOSE','BAHAMONDE',NULL,1,'',NULL,NULL,0,0),(91,97,'CIRILO OSCAR','BUSTAMANTE',NULL,1,'',NULL,NULL,0,0),(92,98,'LUCÍA MARINA','CANTAMUTTO',NULL,1,'',NULL,NULL,0,0),(93,99,'ALEJANDRA CARLOTA','CIANIS',NULL,1,'',NULL,NULL,0,0),(94,100,'ABEL BISMARCK','COMBRET',NULL,1,'',NULL,NULL,0,0),(95,101,'PAOLA ANDREA','GALBARINI',NULL,1,'',NULL,NULL,0,0),(96,102,'JOSEFINA MAHUÉN','GALLO',NULL,1,'',NULL,NULL,0,0),(97,103,'FERNANDO DAVID','LIMA',NULL,1,'',NULL,NULL,0,0),(98,104,'MILKA CAROLINA','MINGARDI MINETTI',NULL,1,'',NULL,NULL,0,0),(99,105,'NATALIA ELOISA','PUERTAS',NULL,1,'',NULL,NULL,0,0),(100,106,'MARÍA FERNANDA','SANCHEZ',NULL,1,'',NULL,NULL,0,0),(101,107,'AURELIA AMALIA','SOSA',NULL,1,'',NULL,NULL,0,0),(102,108,'CELINDA LAURA','TIRABASSI',NULL,1,'',NULL,NULL,0,0),(103,109,'ROMINA ALEJANDRA','VAN DEN HEUVEL',NULL,1,'',NULL,NULL,0,0),(104,110,'DANIELA','VEGA RIVERA',NULL,1,'',NULL,NULL,0,0),(105,111,'MONICA MARIEL','ADAME',NULL,1,'',NULL,NULL,0,0),(106,112,'LUIS ROBERTO','ALBRECHT',NULL,1,'',NULL,NULL,0,0),(107,113,'CARMEN DEL VALLE','AMICO',NULL,1,'',NULL,NULL,0,0),(108,114,'NATALIA VERÓNICA','APARICIO',NULL,1,'',NULL,NULL,0,0),(109,115,'MARCELA ADRIANA','BARKOVICH',NULL,1,'',NULL,NULL,0,0),(110,116,'ALMA BEATRIZ','BELL',NULL,1,'',NULL,NULL,0,0),(111,117,'GABRIELA ALEJANDRA','BUCHHAMER',NULL,1,'',NULL,NULL,0,0),(112,118,'LORENA GRICELDA','CALVO',NULL,1,'',NULL,NULL,0,0),(113,119,'MARÍA OLGA','CAÑIUQUEO',NULL,1,'',NULL,NULL,0,0),(114,120,'SILVIA LILIANA','CAÑON',NULL,1,'',NULL,NULL,0,0),(115,121,'NORMA AMANDA','CASCELLI',NULL,1,'',NULL,NULL,0,0),(116,122,'GONZALO','CASTRO LAMAS',NULL,1,'',NULL,NULL,0,0),(117,123,'MAURO GUSTAVO','CAYUMIL',NULL,1,'',NULL,NULL,0,0),(118,124,'ANA LAURA','COLICHEO',NULL,1,'',NULL,NULL,0,0),(119,125,'CARLOS EDUARDO','COMOLAY',NULL,1,'',NULL,NULL,0,0),(120,126,'BÁRBARA EDITH','DONOSO',NULL,1,'',NULL,NULL,0,0),(121,127,'MIRTHA LILIANA','FONSECA',NULL,1,'',NULL,NULL,0,0),(122,128,'LIHUEN AILIÑ','GALLO',NULL,1,'',NULL,NULL,0,0),(123,129,'MARIA LAURA','GIRIBONI',NULL,1,'',NULL,NULL,0,0),(124,130,'FANNY ARGENTINA','GONZALEZ',NULL,1,'',NULL,NULL,0,0),(125,131,'FANNY ADRIANA','GUALPA',NULL,1,'',NULL,NULL,0,0),(126,132,'SANDRA VALESKA','GUZMAN CONEJEROS',NULL,1,'',NULL,NULL,0,0),(127,133,'ELADIA BEATRIZ','HECHENLEITNER',NULL,1,'',NULL,NULL,0,0),(128,134,'SILVIA ESTER','HECKEL OCHOTECO',NULL,1,'',NULL,NULL,0,0),(129,135,'RICARDO','IBAÑEZ',NULL,1,'',NULL,NULL,0,0),(130,136,'SILVINA  ERIKA','IRIBARNE',NULL,1,'',NULL,NULL,0,0),(131,137,'MARISEL LUJÁN','MARIGUAL',NULL,1,'',NULL,NULL,0,0),(132,138,'EUGENIA','MEIER',NULL,1,'',NULL,NULL,0,0),(133,139,'HUGO RAMON','MONTIEL',NULL,1,'',NULL,NULL,0,0),(134,140,'MIRTA LILIANA','NAVARRO',NULL,1,'',NULL,NULL,0,0),(135,141,'CARLOS GABRIEL','ORTEGA',NULL,1,'',NULL,NULL,0,0),(136,142,'NANCY RAQUEL','OSSES',NULL,1,'',NULL,NULL,0,0),(137,143,'JOSE NAZARIO','PACAYUT',NULL,1,'',NULL,NULL,0,0),(138,144,'JULIETA ROMINA','PALACIOS',NULL,1,'',NULL,NULL,0,0),(139,145,'VIRGINIA LORENA','PALFERRO',NULL,1,'',NULL,NULL,0,0),(140,146,'RICARDO LORENZO','PEÑA',NULL,1,'',NULL,NULL,0,0),(141,147,'CRISTINA ISABEL','PEREYRA',NULL,1,'',NULL,NULL,0,0),(142,148,'RUBÉN ALDO','PEREYRA',NULL,1,'',NULL,NULL,0,0),(143,149,'BELINDA MERCEDES','PEREZ',NULL,1,'',NULL,NULL,0,0),(144,150,'BEATRIZ SILVANA','PINTOS DA COSTA',NULL,1,'',NULL,NULL,0,0),(145,151,'BIBIANA RAQUEL','ROUSIOT',NULL,1,'',NULL,NULL,0,0),(146,152,'MONICA EMMA','SOLANO',NULL,1,'',NULL,NULL,0,0),(147,153,'GABRIELA BEATRIZ','STIGLAUER',NULL,1,'',NULL,NULL,0,0),(148,154,'MARIO ALBERTO','STUBBE',NULL,1,'',NULL,NULL,0,0),(149,155,'MONICA SUSANA','SUAREZ',NULL,1,'',NULL,NULL,0,0),(150,156,'GRACIELA MIRIAM','VALDEBENITO',NULL,1,'',NULL,NULL,0,0),(151,157,'GLADYS ELBA','ZUÑIGA',NULL,1,'',NULL,NULL,0,0),(152,158,'OSVALDO AGUSTIN','ALONSO',NULL,1,'',NULL,NULL,0,0),(153,159,'DANIEL ARNALDO','AYALA',NULL,1,'',NULL,NULL,0,0),(154,160,'PEDRO ALBERTO','DALL\' ARMELLINA',NULL,1,'',NULL,NULL,0,0),(155,161,'JULIA','DEL CARMEN',NULL,1,'',NULL,NULL,0,0),(156,162,'MARÍA VANDA','IANOWSKI',NULL,1,'',NULL,NULL,0,0),(157,163,'MIRIAN RUTH','MALDONADO',NULL,1,'',NULL,NULL,0,0),(158,164,'MARÍA CELINA','MARTINEZ',NULL,1,'',NULL,NULL,0,0),(159,165,'NICOLAS BERNARDO','MAZZELLA',NULL,1,'',NULL,NULL,0,0),(160,166,'ELIANA DELIA C.','MEDVEDEV LUNA',NULL,1,'',NULL,NULL,0,0),(161,167,'CLAUDIO ALBERTO','MENNECOZZI',NULL,1,'',NULL,NULL,0,0),(162,168,'GRACIELA NOEMÍ','OTIÑANO HEREDIA',NULL,1,'',NULL,NULL,0,0),(163,169,'HERNAN MANUEL','POSE',NULL,1,'',NULL,NULL,0,0),(164,170,'LUCIANO','RAGGIO',NULL,1,'',NULL,NULL,0,0),(165,171,'MAGDA DE LOS RÍOS','REYES',NULL,1,'',NULL,NULL,0,0),(166,172,'EMILIANO','SACCHI',NULL,1,'',NULL,NULL,0,0),(167,173,'ARIEL ENRIQUE','SARRICOUET',NULL,1,'',NULL,NULL,0,0),(168,174,'MARÍA JULIA','SPIGARIOL',NULL,1,'',NULL,NULL,0,0),(169,175,'MARIA CLAUDIA','SUS',NULL,1,'',NULL,NULL,0,0),(170,176,'ROBERTO CARLOS','TARIFEÑO MOLINA',NULL,1,'',NULL,NULL,0,0),(171,177,'MARIA TERESA','VARELA',NULL,1,'',NULL,NULL,0,0),(172,178,'CARLOS','VILTE CASTRO',NULL,1,'',NULL,NULL,0,0),(173,179,'DANIEL EDUARDO','WELSCHINGER',NULL,1,'',NULL,NULL,0,0),(174,180,'ALEJANDRA SISSI','AWE LUCA',NULL,1,'',NULL,NULL,0,0),(175,181,'ROMINA','CARIAGA',NULL,1,'',NULL,NULL,0,0),(176,182,'MIRTA SOLEDAD','HERNANDEZ',NULL,1,'',NULL,NULL,0,0),(177,183,'MARIELA IVANA','RODRIGUEZ',NULL,1,'',NULL,NULL,0,0),(178,184,'MARTHA CAROLINA','WHITE',NULL,1,'',NULL,NULL,0,0),(179,185,'JAVIER','GIROTTI',NULL,1,'',NULL,NULL,0,0),(180,186,'ANALÍA','PERLOTTI',NULL,1,'',NULL,NULL,0,0),(181,187,'JUAN MANUEL','LAFOSSE',NULL,1,'',NULL,NULL,0,0),(182,188,'MARTINA','PIERANTONI',NULL,1,'',NULL,NULL,0,0),(183,189,'OLGA BEATRIZ','ALAN',NULL,1,'',NULL,NULL,0,0),(184,190,'NATALIA VERÓNICA','MORENO',NULL,1,'',NULL,NULL,0,0),(185,191,'GISELA MARIBEL','PONCE',NULL,1,'',NULL,NULL,0,0),(186,192,'DELCIA BEATRIZ MYRIA','ROS',NULL,1,'',NULL,NULL,0,0),(187,193,'MARIZA ALEJANDRA','ABRAMETO',NULL,1,'',NULL,NULL,0,0),(188,194,'JORGE SILVIO OMAR','ANTUNEZ',NULL,1,'',NULL,NULL,0,0),(189,195,'GABRIELA MARISA','ASCHKAR',NULL,1,'',NULL,NULL,0,0),(190,196,'LUCRECIA MARIA','AVILES',NULL,1,'',NULL,NULL,0,0),(191,197,'RAUL ANTONIO VICENTE','BARBAROSSA',NULL,1,'',NULL,NULL,0,0),(192,198,'CAROLINA MARÍA','BORRAZAS',NULL,1,'',NULL,NULL,0,0),(193,199,'RODOLFO ABEL','BOUHIER',NULL,1,'',NULL,NULL,0,0),(194,200,'GERMÁN ENRIQUE','CARIAC',NULL,1,'',NULL,NULL,0,0),(195,201,'GABRIEL ALBERTO','CARUSSO',NULL,1,'',NULL,NULL,0,0),(196,202,'AMELIA AMANDA','CHOROLQUE',NULL,1,'',NULL,NULL,0,0),(197,203,'NORMA MERCEDES','CIFONE',NULL,1,'',NULL,NULL,0,0),(198,204,'MARÍA TERESA','DOÑATE',NULL,1,'',NULL,NULL,0,0),(199,205,'WALTER ARIEL','ESQUERCIA',NULL,1,'',NULL,NULL,0,0),(200,206,'OMAR ARIEL','GAJARDO BARRIGA',NULL,1,'',NULL,NULL,0,0),(201,207,'JUAN JOSE','GALLEGO',NULL,1,'',NULL,NULL,0,0),(202,208,'MARIA INES','GIL',NULL,1,'',NULL,NULL,0,0),(203,209,'LUIS GUILLERMO','JOCANO',NULL,1,'',NULL,NULL,0,0),(204,210,'ALICIA INÉS','KROPFL',NULL,1,'',NULL,NULL,0,0),(205,211,'MARTÍN ALEJANDRO','LUNA',NULL,1,'',NULL,NULL,0,0),(206,212,'ANGEL FRANCO','MAMANI',NULL,1,'',NULL,NULL,0,0),(207,213,'CARLOS ALBERTO','MERG',NULL,1,'',NULL,NULL,0,0),(208,214,'JORGELINA ETEL','MONTEFIORE',NULL,1,'',NULL,NULL,0,0),(209,215,'IRMA GRACIELA','PELLEJERO',NULL,1,'',NULL,NULL,0,0),(210,216,'RAUL CEFERINO','ROA',NULL,1,'',NULL,NULL,0,0),(211,217,'ROXANA ELENA','RODRIGUEZ',NULL,1,'',NULL,NULL,0,0),(212,218,'MIGUEL ANGEL','SILVA',NULL,1,'',NULL,NULL,0,0),(213,219,'AXEL CHRISTIAN','TELLERIA MARLOTH',NULL,1,'',NULL,NULL,0,0),(214,220,'NATALIA MATILDE','VILLASUSO',NULL,1,'',NULL,NULL,0,0),(215,221,'HECTOR MARIO','VILLEGAS',NULL,1,'',NULL,NULL,0,0),(216,222,'MARÍA FANY','ZUBILLAGA',NULL,1,'',NULL,NULL,0,0),(217,223,'ARIEL DARIO','BARBIERI',NULL,1,'',NULL,NULL,0,0),(218,224,'MARIA CRISTINA','CABRAL',NULL,1,'',NULL,NULL,0,0),(219,225,'MATÍAS RUBEN','CANOVA',NULL,1,'',NULL,NULL,0,0),(220,226,'SILVIO','CASTRO ',NULL,1,'',NULL,NULL,0,0),(221,227,'GABRIELA PATRICIA','COMEZAÑA',NULL,1,'',NULL,NULL,0,0),(222,228,'ALBA BEATRIZ','ETEROVICH',NULL,1,'',NULL,NULL,0,0),(223,229,'SILVINA CELESTE','FAZIO',NULL,1,'',NULL,NULL,0,0),(224,230,'ADRIANA LÍA','GOICOCHEA',NULL,1,'',NULL,NULL,0,0),(225,231,'JUAN BAUTISTA','GUSMEROLI',NULL,1,'',NULL,NULL,0,0),(226,232,'RODRIGO ENRIQUE','GUZMAN CONEJEROS',NULL,1,'',NULL,NULL,0,0),(227,233,'MONICA SUSANA','LARRAÑAGA',NULL,1,'',NULL,NULL,0,0),(228,234,'GERMAN ABEL','LEDESMA',NULL,1,'',NULL,NULL,0,0),(229,235,'PABLO ESTEBAN','PÉREZ CHITERI',NULL,1,'',NULL,NULL,0,0),(230,236,'SANDRA ELIZABETH','POLISZUK',NULL,1,'',NULL,NULL,0,0),(231,237,'JUANA NIEVES','PORRO',NULL,1,'',NULL,NULL,0,0),(232,238,'MONICA VIVIANA','RICCA',NULL,1,'',NULL,NULL,0,0),(233,239,'MARIA GABRIELA','RODRIGUEZ',NULL,1,'',NULL,NULL,0,0),(234,240,'MARIA TERESA','SANCHEZ',NULL,1,'',NULL,NULL,0,0),(235,241,'VIVIANA CORINA','SVENSSON',NULL,1,'',NULL,NULL,0,0),(236,242,'MARÍA EUGENIA','ALONSO',NULL,1,'',NULL,NULL,0,0),(237,243,'MARIANO SEBASTIAN ','BOISSELIER',NULL,1,'',NULL,NULL,0,0),(238,244,'ENRIQUE ANIBAL','CORUJO',NULL,1,'',NULL,NULL,0,0),(239,245,'RAMIRO','GARCIA POGGI',NULL,1,'',NULL,NULL,0,0),(240,246,'NORMA ESTELA CAROLINA','JUAREZ',NULL,1,'',NULL,NULL,0,0),(241,247,'OSCAR FEDERICO','KÖNIG',NULL,1,'',NULL,NULL,0,0),(242,248,'PAULA GABRIELA','SUAREZ',NULL,1,'',NULL,NULL,0,0),(243,249,'ADRIANA NATALIA','ABEL',NULL,1,'',NULL,NULL,0,0),(244,250,'MONICA GRACIELA','AMADO',NULL,1,'',NULL,NULL,0,0),(245,251,'MARIA INES','BARILÁ',NULL,1,'',NULL,NULL,0,0),(246,252,'TERESA MARGARITA','BEDZENT',NULL,1,'',NULL,NULL,0,0),(247,253,'SANDRA MÓNICA','BERTOLDI',NULL,1,'',NULL,NULL,0,0),(248,254,'VIVIANA NOEMÍ','BOLLETTA',NULL,1,'',NULL,NULL,0,0),(249,255,'MARÍA MARTA','CACCAMO',NULL,1,'',NULL,NULL,0,0),(250,256,'VANESSA LILIAN','CAMBARIERI',NULL,1,'',NULL,NULL,0,0),(251,257,'SILVANA BELÉN','CAMINO',NULL,1,'',NULL,NULL,0,0),(252,258,'LIZ MARIET','CAMPETTI',NULL,1,'',NULL,NULL,0,0),(253,259,'LIDIA MONICA','CARDINALE',NULL,1,'',NULL,NULL,0,0),(254,260,'MARIA SOLEDAD','CARRO',NULL,1,'',NULL,NULL,0,0),(255,261,'ANALISA NOEMI','CASTILLO',NULL,1,'',NULL,NULL,0,0),(256,262,'JESSICA DANIELA','CONTRERA',NULL,1,'',NULL,NULL,0,0),(257,263,'VERONICA NOEMI','CUEVAS',NULL,1,'',NULL,NULL,0,0),(258,264,'MARIELA ALEJANDRA','CUTRONA',NULL,1,'',NULL,NULL,0,0),(259,265,'LELIA EDITH','DIEU',NULL,1,'',NULL,NULL,0,0),(260,266,'LILIANA NOEMÍ','ENRICO',NULL,1,'',NULL,NULL,0,0),(261,267,'EDUARDO DANIEL','FIGUEROA',NULL,1,'',NULL,NULL,0,0),(262,268,'PANDORA EUGENIA','GANDINI GIANA',NULL,1,'',NULL,NULL,0,0),(263,269,'PATRICIA INES','GARCIA',NULL,1,'',NULL,NULL,0,0),(264,270,'ERICA PAOLA','GONZALEZ',NULL,1,'',NULL,NULL,0,0),(265,271,'MAGDALENA','GONZALEZ',NULL,1,'',NULL,NULL,0,0),(266,272,'GUADALUPE MAGALÍ','IBAÑEZ',NULL,1,'',NULL,NULL,0,0),(267,273,'ANA VANESA','IGLESIAS',NULL,1,'',NULL,NULL,0,0),(268,274,'MORELA','IRAZUSTA',NULL,1,'',NULL,NULL,0,0),(269,275,'MARINA','LA VECCHIA',NULL,1,'',NULL,NULL,0,0),(270,276,'ANALÍA MABEL','LUNA',NULL,1,'',NULL,NULL,0,0),(271,277,'EDGARDO JAVIER','MALASPINA',NULL,1,'',NULL,NULL,0,0),(272,278,'BEATRIZ OFELIA','MENENDEZ LOPEZ',NULL,1,'',NULL,NULL,0,0),(273,279,'DENIS GABRIEL','PAVELKA',NULL,1,'',NULL,NULL,0,0),(274,280,'MARIA FLORENCIA','RIVERA CATELLANI',NULL,1,'',NULL,NULL,0,0),(275,281,'NADIA VANESSA','RUIZ',NULL,1,'',NULL,NULL,0,0),(276,282,'MARIA DANIELA','SANCHEZ',NULL,1,'',NULL,NULL,0,0),(277,283,'RENATA ZULMA','SCALESA',NULL,1,'',NULL,NULL,0,0),(278,284,'AGUSTINA DANIELA','SCHAUBLE',NULL,1,'',NULL,NULL,0,0),(279,285,'NORA LILIANA','TARRUELLA',NULL,1,'',NULL,NULL,0,0),(280,286,'SOLEDAD','VERCELLINO',NULL,1,'',NULL,NULL,0,0),(281,287,'PATRICIA VERÓNICA','WEIGANDT',NULL,1,'',NULL,NULL,0,0),(282,288,'PABLO','BOHOSLAVSKY',NULL,1,'',NULL,NULL,0,0);
/*!40000 ALTER TABLE `perfil` ENABLE KEYS */;
UNLOCK TABLES;

--
-- Table structure for table `plan`
--

DROP TABLE IF EXISTS `plan`;
/*!40101 SET @saved_cs_client     = @@character_set_client */;
/*!40101 SET character_set_client = utf8 */;
CREATE TABLE `plan` (
  `id` int(11) NOT NULL AUTO_INCREMENT,
  `planordenanza` varchar(255) COLLATE utf8_spanish_ci NOT NULL,
  `carrera_id` int(11) DEFAULT NULL,
  PRIMARY KEY (`id`),
  KEY `carreraplan` (`carrera_id`),
  CONSTRAINT `carreraplan` FOREIGN KEY (`carrera_id`) REFERENCES `carrera` (`id`) ON DELETE NO ACTION ON UPDATE NO ACTION
) ENGINE=InnoDB AUTO_INCREMENT=31 DEFAULT CHARSET=utf8 COLLATE=utf8_spanish_ci;
/*!40101 SET character_set_client = @saved_cs_client */;

--
-- Dumping data for table `plan`
--

LOCK TABLES `plan` WRITE;
/*!40000 ALTER TABLE `plan` DISABLE KEYS */;
INSERT INTO `plan` VALUES (1,'Ord. 895/12',1),(2,'Ord. 885/12',2),(3,'Ord. 962/98',3),(4,'Ord. 432/09',4),(5,'Ord. 431/09',8),(6,'Ord. 1215/13',6),(7,'N/N',7),(8,'Ord. 814/01',5),(9,'Ord. 605/11',9),(10,'N/N',10),(11,'Ord. 374/11',11),(12,'N/N',12),(13,'Ord. 374/11',13),(14,'Ord. 1031/12',14),(15,'1031/12',15),(16,'0238/99',15),(17,'0432/09',16),(18,'0431/09',17),(19,'0374/11',18),(20,'0995/12',19),(21,'0374/11',20),(22,'0605/11',21),(23,'0450/16',22),(24,'0962/98',23),(25,'0859/01',23),(26,'0674/16',24),(27,'1215/13',25),(28,'0814/01',25),(29,'0895/12',27),(30,'0885/12',28);
/*!40000 ALTER TABLE `plan` ENABLE KEYS */;
UNLOCK TABLES;

--
-- Table structure for table `programa`
--

DROP TABLE IF EXISTS `programa`;
/*!40101 SET @saved_cs_client     = @@character_set_client */;
/*!40101 SET character_set_client = utf8 */;
CREATE TABLE `programa` (
  `id` int(11) NOT NULL AUTO_INCREMENT,
  `departamento_id` int(11) DEFAULT NULL,
  `status_id` int(11) DEFAULT NULL,
  `asignatura_id` int(11) DEFAULT NULL,
  `year` int(4) DEFAULT NULL,
  `equipo_catedra` text COLLATE utf8_spanish_ci,
  `biblio_basica` text COLLATE utf8_spanish_ci,
  `biblio_consulta` text COLLATE utf8_spanish_ci,
  `fundament` text COLLATE utf8_spanish_ci NOT NULL,
  `objetivo_plan` text COLLATE utf8_spanish_ci NOT NULL,
  `objetivo_programa` text COLLATE utf8_spanish_ci NOT NULL,
  `contenido_plan` text COLLATE utf8_spanish_ci NOT NULL,
  `contenido_analitico` text COLLATE utf8_spanish_ci,
  `propuesta_met` text COLLATE utf8_spanish_ci NOT NULL,
  `evycond_acreditacion` text COLLATE utf8_spanish_ci NOT NULL,
  `parcial_rec_promo` text COLLATE utf8_spanish_ci NOT NULL,
  `distr_horaria` text COLLATE utf8_spanish_ci NOT NULL,
  `crono_tentativo` text COLLATE utf8_spanish_ci NOT NULL,
  `actv_extracur` text COLLATE utf8_spanish_ci NOT NULL,
  `created_at` datetime DEFAULT NULL,
  `updated_at` datetime DEFAULT NULL,
  `created_by` int(11) DEFAULT NULL,
  `updated_by` int(11) DEFAULT NULL,
  PRIMARY KEY (`id`),
  KEY `statusprograma` (`status_id`),
  KEY `departamentoprograma` (`departamento_id`),
  KEY `asignaturaprograma` (`asignatura_id`),
  CONSTRAINT `asignaturaprograma` FOREIGN KEY (`asignatura_id`) REFERENCES `asignatura` (`id`) ON DELETE NO ACTION ON UPDATE NO ACTION,
  CONSTRAINT `departamentoprograma` FOREIGN KEY (`departamento_id`) REFERENCES `departamento` (`id`) ON DELETE NO ACTION ON UPDATE NO ACTION,
  CONSTRAINT `statusprograma` FOREIGN KEY (`status_id`) REFERENCES `status` (`id`) ON DELETE NO ACTION ON UPDATE NO ACTION
) ENGINE=InnoDB AUTO_INCREMENT=6 DEFAULT CHARSET=utf8 COLLATE=utf8_spanish_ci;
/*!40101 SET character_set_client = @saved_cs_client */;

--
-- Dumping data for table `programa`
--

LOCK TABLES `programa` WRITE;
/*!40000 ALTER TABLE `programa` DISABLE KEYS */;
INSERT INTO `programa` VALUES (1,NULL,3,122,2019,'<p>Cecilia</p>\r\n<p>Carolina</p>','<p class=\"western\" lang=\"es-ES\" style=\"margin-bottom: 0.35cm;\"><span style=\"font-family: Times New Roman, serif;\"><span style=\"font-size: small;\"><strong>BIBLIOGRAFIA B&Aacute;SICA:</strong></span></span></p>\r\n<ul>\r\n<li>\r\n<p class=\"western\" lang=\"es-ES\" style=\"margin-bottom: 0.35cm;\"><span style=\"font-family: Times New Roman, serif;\"><span style=\"font-size: small;\">Apuntes de c&aacute;tedra.</span></span></p>\r\n</li>\r\n<li>\r\n<p class=\"western\" style=\"margin-bottom: 0.35cm;\"><span style=\"font-family: Times New Roman, serif;\"><span style=\"font-size: small;\"><span lang=\"es-ES\">Introduccion_a_la_programacion_con_la_computadora.pdf</span></span></span></p>\r\n</li>\r\n</ul>\r\n<p class=\"western\" style=\"margin-bottom: 0.35cm;\"><span style=\"font-family: Times New Roman, serif;\"><span style=\"font-size: small;\"><span lang=\"es-ES\"><strong>BIBLIOGRAF&Iacute;A DE CONSULTA</strong></span></span></span><span style=\"font-family: Times New Roman, serif;\"><span style=\"font-size: small;\"><span lang=\"es-ES\">:</span></span></span></p>\r\n<ul>\r\n<li>\r\n<p class=\"western\" lang=\"es-ES\" style=\"margin-bottom: 0.35cm;\"><span style=\"font-family: Times New Roman, serif;\"><span style=\"font-size: small;\">http://php.net/manual/es/getting-started.php</span></span></p>\r\n</li>\r\n<li>\r\n<p class=\"western\" lang=\"es-ES\" style=\"margin-bottom: 0.35cm;\"><span style=\"font-family: Times New Roman, serif;\"><span style=\"font-size: small;\">http://php.net/manual/es/indexes.examples.php</span></span></p>\r\n</li>\r\n</ul>\r\n<p class=\"western\" lang=\"es-ES\" style=\"margin-bottom: 0.35cm;\"><br /><br /></p>','<p class=\"western\" lang=\"es-ES\" style=\"margin-bottom: 0.35cm;\"><span style=\"font-family: Times New Roman, serif;\"><span style=\"font-size: small;\"><strong>BIBLIOGRAFIA B&Aacute;SICA:</strong></span></span></p>\r\n<ul>\r\n<li>\r\n<p class=\"western\" lang=\"es-ES\" style=\"margin-bottom: 0.35cm;\"><span style=\"font-family: Times New Roman, serif;\"><span style=\"font-size: small;\">Apuntes de c&aacute;tedra.</span></span></p>\r\n</li>\r\n<li>\r\n<p class=\"western\" style=\"margin-bottom: 0.35cm;\"><span style=\"font-family: Times New Roman, serif;\"><span style=\"font-size: small;\"><span lang=\"es-ES\">Introduccion_a_la_programacion_con_la_computadora.pdf</span></span></span></p>\r\n</li>\r\n</ul>\r\n<p class=\"western\" style=\"margin-bottom: 0.35cm;\"><span style=\"font-family: Times New Roman, serif;\"><span style=\"font-size: small;\"><span lang=\"es-ES\"><strong>BIBLIOGRAF&Iacute;A DE CONSULTA</strong></span></span></span><span style=\"font-family: Times New Roman, serif;\"><span style=\"font-size: small;\"><span lang=\"es-ES\">:</span></span></span></p>\r\n<ul>\r\n<li>\r\n<p class=\"western\" lang=\"es-ES\" style=\"margin-bottom: 0.35cm;\"><span style=\"font-family: Times New Roman, serif;\"><span style=\"font-size: small;\">http://php.net/manual/es/getting-started.php</span></span></p>\r\n</li>\r\n<li>\r\n<p class=\"western\" lang=\"es-ES\" style=\"margin-bottom: 0.35cm;\"><span style=\"font-family: Times New Roman, serif;\"><span style=\"font-size: small;\">http://php.net/manual/es/indexes.examples.php</span></span></p>\r\n</li>\r\n</ul>\r\n<p class=\"western\" lang=\"es-ES\" style=\"margin-bottom: 0.35cm;\"><br /><br /></p>','<p style=\"text-align: justify;\">Introducci&oacute;n a la Programaci&oacute;n, constituye una de las asignaturas troncales de la carrera, y forma parte del conjunto de materias del segundo cuatrimestre; est&aacute; dise&ntilde;ada para formar al alumnos en los conceptos b&aacute;sicos de programaci&oacute;n, m&eacute;todos de trabajo, t&eacute;cnicas y herramientas para abordar la resoluci&oacute;n de problemas, como una manera de introducirlo en el desarrollo de su formaci&oacute;n profesional que se ir&aacute; completando y profundizando en las materias correlativas del plan. Como punto de partida el alumno adquirir&aacute; herramientas para abordar las estrategias en la resoluci&oacute;n de problemas, m&eacute;todos de dise&ntilde;o de algoritmos y la introducci&oacute;n al lenguaje de programaci&oacute;n PHP. Se ha elegido este lenguaje de programaci&oacute;n multiparadigma, ya que soporta orientaci&oacute;n a objetos, programaci&oacute;n imperativa y, programaci&oacute;n funcional.</p>','<ul>\r\n<li>\r\n<p class=\"western\" style=\"margin-bottom: 0.35cm;\" align=\"justify\"><span style=\"font-family: Times New Roman, serif;\"><span style=\"font-size: small;\">Algoritmos. </span></span></p>\r\n</li>\r\n<li>\r\n<p class=\"western\" style=\"margin-bottom: 0.35cm;\" align=\"justify\"><span style=\"font-family: Times New Roman, serif;\"><span style=\"font-size: small;\">M&eacute;todos para encarar la resoluci&oacute;n de problemas con computadora.</span></span></p>\r\n</li>\r\n<li>\r\n<p class=\"western\" style=\"margin-bottom: 0.35cm;\" align=\"justify\"><span style=\"font-family: Times New Roman, serif;\"><span style=\"font-size: small;\">Programas. Estructura General de un programa. </span></span></p>\r\n</li>\r\n<li>\r\n<p class=\"western\" style=\"margin-bottom: 0.35cm;\" align=\"justify\"><span style=\"font-family: Times New Roman, serif;\"><span style=\"font-size: small;\">Tipos de datos primitivos. Estructuras de control.</span></span></p>\r\n</li>\r\n<li>\r\n<p class=\"western\" style=\"margin-bottom: 0.35cm;\" align=\"justify\"><span style=\"font-family: Times New Roman, serif;\"><span style=\"font-size: small;\">Procedimientos y funciones. Estructura de datos: arreglos.</span></span></p>\r\n</li>\r\n<li>\r\n<p class=\"western\" style=\"margin-bottom: 0.35cm;\" align=\"justify\"><span style=\"font-family: Times New Roman, serif;\"><span style=\"font-size: small;\">T&eacute;cnicas y principios de scripting.</span></span></p>\r\n</li>\r\n</ul>','<p class=\"western\" style=\"margin-left: 1.3cm; text-indent: 1.2cm; margin-bottom: 0.35cm; line-height: 115%; orphans: 2; widows: 2;\" align=\"left\"><span style=\"font-family: Times New Roman, serif;\"><span style=\"font-size: small;\">Poder resolver problemas de algor&iacute;tmicos, procesos de dise&ntilde;o e implementaci&oacute;n de software. Debido a la gran brecha conceptual existente entre el enunciado del problema se deben transitar las siguientes etapas:</span></span></p>\r\n<ul>\r\n<li>\r\n<p class=\"western\" style=\"margin-bottom: 0cm; line-height: 100%;\"><span style=\"font-family: Times New Roman, serif;\"><span style=\"font-size: small;\">Adquiera habilidad en la detecci&oacute;n de una situaci&oacute;n de problema y en el planteo de los posibles caminos de soluci&oacute;n mediante las t&eacute;cnicas generales de resoluci&oacute;n de problemas.</span></span></p>\r\n</li>\r\n</ul>\r\n<p class=\"western\" style=\"margin-left: 2.5cm; margin-bottom: 0cm; line-height: 100%;\">&nbsp;</p>\r\n<ul>\r\n<li>\r\n<p class=\"western\" style=\"margin-bottom: 0cm; line-height: 100%;\"><span style=\"font-family: Times New Roman, serif;\"><span style=\"font-size: small;\">Resuelva problemas en un lenguaje de dise&ntilde;o de algoritmos.</span></span></p>\r\n</li>\r\n</ul>\r\n<p class=\"western\" style=\"margin-left: 2.5cm; margin-bottom: 0cm; line-height: 100%;\">&nbsp;</p>\r\n<ul>\r\n<li>\r\n<p class=\"western\" style=\"margin-bottom: 0cm; line-height: 100%;\"><span style=\"font-family: Times New Roman, serif;\"><span style=\"font-size: small;\">Pueda transformar el algoritmo de programaci&oacute;n dise&ntilde;ado a un programa escrito en el lenguaje elegido.</span></span></p>\r\n</li>\r\n</ul>','<p class=\"western\" style=\"margin-bottom: 0.35cm;\"><span style=\"font-family: Times New Roman, serif;\"><span style=\"font-size: small;\"><strong>Unidad 1: Estrategias de Resoluci&oacute;n de Problemas</strong></span></span></p>\r\n<p class=\"western\" style=\"margin-left: 1.25cm; margin-bottom: 0.35cm;\"><span style=\"font-family: Times New Roman, serif;\"><span style=\"font-size: small;\">Tipos de problemas, representaciones: descripci&oacute;n verbal, de diagrama, de matem&aacute;tica.</span></span> <span style=\"font-family: Times New Roman, serif;\"><span style=\"font-size: small;\">Estrategias de resoluci&oacute;n: abstracci&oacute;n, inferencia, razonamiento hacia atr&aacute;s, afinidades entre problemas.</span></span></p>\r\n<p class=\"western\" style=\"margin-bottom: 0.35cm;\"><span style=\"font-family: Times New Roman, serif;\"><span style=\"font-size: small;\"><strong>Unidad 2: Dise&ntilde;o de Algoritmos</strong></span></span></p>\r\n<p class=\"western\" style=\"margin-left: 1.25cm; margin-bottom: 0.35cm;\"><span style=\"font-family: Times New Roman, serif;\"><span style=\"font-size: small;\">Algoritmos: definici&oacute;n, propiedades, especificaci&oacute;n y ejecuci&oacute;n de Algoritmos. Estructura Secuencial: An&aacute;lisis del algoritmo. Tratamiento de Datos. Manipulaci&oacute;n de datos. Dise&ntilde;o de Algoritmos. Se utilizar&aacute; la metodolog&iacute;a Pseudo c&oacute;digo para la resoluci&oacute;n de algoritmos.</span></span></p>\r\n<p class=\"western\" style=\"margin-bottom: 0.35cm;\"><span style=\"font-family: Times New Roman, serif;\"><span style=\"font-size: small;\"><strong>Unidad 3: Introducci&oacute;n a la Programaci&oacute;n </strong></span></span></p>\r\n<p class=\"western\" style=\"margin-left: 1.25cm; margin-bottom: 0.35cm;\"><span style=\"font-family: Times New Roman, serif;\"><span style=\"font-size: small;\">Conceptos b&aacute;sicos. Proceso de programaci&oacute;n, tipos de lenguajes de programaci&oacute;n y de software. Comunicaci&oacute;n Hombre-M&aacute;quina. Lenguajes de alto y bajo nivel. Compiladores e Int&eacute;rpretes. Tipos de Software. Datos de entrada y Salida. Variables, Tipos y Asignaciones. Dise&ntilde;o de un algoritmo: Diagrama de L&iacute;neas. Especificaci&oacute;n del algoritmo. Ejecuci&oacute;n y Verificaci&oacute;n: Traza de un algoritmo </span></span></p>\r\n<p class=\"western\" style=\"margin-bottom: 0.35cm;\"><span style=\"font-family: Times New Roman, serif;\"><span style=\"font-size: small;\"><strong>Unidad 4: Programaci&oacute;n PHP</strong></span></span></p>\r\n<p class=\"western\" style=\"margin-left: 1.25cm; margin-bottom: 0.35cm;\"><span style=\"font-family: Times New Roman, serif;\"><span style=\"font-size: small;\">Introducci&oacute;n al Lenguaje Php. Estructura y conceptos b&aacute;sicos de un programa. Tipos de datos: simples y estructurados. Sintaxis del lenguaje. &Aacute;mbito de influencia de las variables. Arreglos unidimensionales y bidimensionales: </span></span><span style=\"font-family: Times New Roman, serif;\"><span style=\"font-size: small;\">Tipos de datos estructurados: cadenas de caracteres, arreglos unidimensionales y bidimensionales. Concepto de biblioteca.</span></span></p>','<p class=\"western\" style=\"margin-bottom: 0.35cm;\"><span style=\"font-family: Times New Roman, serif;\"><span style=\"font-size: small;\"><strong>Unidad 1: Estrategias de Resoluci&oacute;n de Problemas</strong></span></span></p>\r\n<p class=\"western\" style=\"margin-left: 1.25cm; margin-bottom: 0.35cm;\"><span style=\"font-family: Times New Roman, serif;\"><span style=\"font-size: small;\">Tipos de problemas, representaciones: descripci&oacute;n verbal, de diagrama, de matem&aacute;tica.</span></span> <span style=\"font-family: Times New Roman, serif;\"><span style=\"font-size: small;\">Estrategias de resoluci&oacute;n: abstracci&oacute;n, inferencia, razonamiento hacia atr&aacute;s, afinidades entre problemas.</span></span></p>\r\n<p class=\"western\" style=\"margin-bottom: 0.35cm;\"><span style=\"font-family: Times New Roman, serif;\"><span style=\"font-size: small;\"><strong>Unidad 2: Dise&ntilde;o de Algoritmos</strong></span></span></p>\r\n<p class=\"western\" style=\"margin-left: 1.25cm; margin-bottom: 0.35cm;\"><span style=\"font-family: Times New Roman, serif;\"><span style=\"font-size: small;\">Algoritmos: definici&oacute;n, propiedades, especificaci&oacute;n y ejecuci&oacute;n de Algoritmos. Estructura Secuencial: An&aacute;lisis del algoritmo. Tratamiento de Datos. Manipulaci&oacute;n de datos. Dise&ntilde;o de Algoritmos. Se utilizar&aacute; la metodolog&iacute;a Pseudo c&oacute;digo para la resoluci&oacute;n de algoritmos.</span></span></p>\r\n<p class=\"western\" style=\"margin-bottom: 0.35cm;\"><span style=\"font-family: Times New Roman, serif;\"><span style=\"font-size: small;\"><strong>Unidad 3: Introducci&oacute;n a la Programaci&oacute;n </strong></span></span></p>\r\n<p class=\"western\" style=\"margin-left: 1.25cm; margin-bottom: 0.35cm;\"><span style=\"font-family: Times New Roman, serif;\"><span style=\"font-size: small;\">Conceptos b&aacute;sicos. Proceso de programaci&oacute;n, tipos de lenguajes de programaci&oacute;n y de software. Comunicaci&oacute;n Hombre-M&aacute;quina. Lenguajes de alto y bajo nivel. Compiladores e Int&eacute;rpretes. Tipos de Software. Datos de entrada y Salida. Variables, Tipos y Asignaciones. Dise&ntilde;o de un algoritmo: Diagrama de L&iacute;neas. Especificaci&oacute;n del algoritmo. Ejecuci&oacute;n y Verificaci&oacute;n: Traza de un algoritmo </span></span></p>\r\n<p class=\"western\" style=\"margin-bottom: 0.35cm;\"><span style=\"font-family: Times New Roman, serif;\"><span style=\"font-size: small;\"><strong>Unidad 4: Programaci&oacute;n PHP</strong></span></span></p>\r\n<p class=\"western\" style=\"margin-left: 1.25cm; margin-bottom: 0.35cm;\"><span style=\"font-family: Times New Roman, serif;\"><span style=\"font-size: small;\">Introducci&oacute;n al Lenguaje Php. Estructura y conceptos b&aacute;sicos de un programa. Tipos de datos: simples y estructurados. Sintaxis del lenguaje. &Aacute;mbito de influencia de las variables. Arreglos unidimensionales y bidimensionales: </span></span><span style=\"font-family: Times New Roman, serif;\"><span style=\"font-size: small;\">Tipos de datos estructurados: cadenas de caracteres, arreglos unidimensionales y bidimensionales. Concepto de biblioteca.</span></span></p>','<p class=\"western\" style=\"margin-bottom: 0.35cm;\"><span style=\"font-family: Times New Roman, serif;\"><span style=\"font-size: small;\"><span lang=\"es-ES\"><span style=\"font-weight: normal;\"> Por las caracter&iacute;sticas de la asignatura que permiten desarrollar estrategias propias de ense&ntilde;anza - aprendizaje, a partir de un problema y mediante el empleo de distintas estrategias, arribar a una soluci&oacute;n del mismo. En la primera parte de la materia se comenzar&aacute; con formas de representaci&oacute;n de problemas y estrategias de resoluci&oacute;n. A continuaci&oacute;n se introducir&aacute; una metodolog&iacute;a con la cual podremos dise&ntilde;ar algoritmos, los que se traducir&aacute;n posteriormente al lenguaje Php. </span></span></span></span></p>\r\n<p class=\"western\" lang=\"es-ES\" style=\"margin-bottom: 0.35cm; font-weight: normal;\"><span style=\"font-family: Times New Roman, serif;\"><span style=\"font-size: small;\">Dado que el alumno deber&aacute; adquirir habilidades para participar en car&aacute;cter colaborativo, en proyectos de software e integrar equipos de trabajos para el desarrollo de aplicaciones centradas en la web, desde la asignatura se proponen algunas instancias de entrega de trabajos pr&aacute;cticos y evaluativas en forma grupal. </span></span></p>','<p class=\"western\" style=\"margin-bottom: 0.35cm;\"><span style=\"font-family: Times New Roman, serif;\"><span style=\"font-size: small;\"><span lang=\"es-ES\"><span style=\"font-weight: normal;\"> Por las caracter&iacute;sticas de la asignatura que permiten desarrollar estrategias propias de ense&ntilde;anza - aprendizaje, a partir de un problema y mediante el empleo de distintas estrategias, arribar a una soluci&oacute;n del mismo. En la primera parte de la materia se comenzar&aacute; con formas de representaci&oacute;n de problemas y estrategias de resoluci&oacute;n. A continuaci&oacute;n se introducir&aacute; una metodolog&iacute;a con la cual podremos dise&ntilde;ar algoritmos, los que se traducir&aacute;n posteriormente al lenguaje Php. </span></span></span></span></p>\r\n<p class=\"western\" lang=\"es-ES\" style=\"margin-bottom: 0.35cm; font-weight: normal;\"><span style=\"font-family: Times New Roman, serif;\"><span style=\"font-size: small;\">Dado que el alumno deber&aacute; adquirir habilidades para participar en car&aacute;cter colaborativo, en proyectos de software e integrar equipos de trabajos para el desarrollo de aplicaciones centradas en la web, desde la asignatura se proponen algunas instancias de entrega de trabajos pr&aacute;cticos y evaluativas en forma grupal. </span></span></p>','<p class=\"western\" style=\"margin-bottom: 0.35cm;\"><span style=\"font-family: Times New Roman, serif;\"><span style=\"font-size: small;\"><span lang=\"es-ES\"><span style=\"font-weight: normal;\"> Por las caracter&iacute;sticas de la asignatura que permiten desarrollar estrategias propias de ense&ntilde;anza - aprendizaje, a partir de un problema y mediante el empleo de distintas estrategias, arribar a una soluci&oacute;n del mismo. En la primera parte de la materia se comenzar&aacute; con formas de representaci&oacute;n de problemas y estrategias de resoluci&oacute;n. A continuaci&oacute;n se introducir&aacute; una metodolog&iacute;a con la cual podremos dise&ntilde;ar algoritmos, los que se traducir&aacute;n posteriormente al lenguaje Php. </span></span></span></span></p>\r\n<p class=\"western\" lang=\"es-ES\" style=\"margin-bottom: 0.35cm; font-weight: normal;\"><span style=\"font-family: Times New Roman, serif;\"><span style=\"font-size: small;\">Dado que el alumno deber&aacute; adquirir habilidades para participar en car&aacute;cter colaborativo, en proyectos de software e integrar equipos de trabajos para el desarrollo de aplicaciones centradas en la web, desde la asignatura se proponen algunas instancias de entrega de trabajos pr&aacute;cticos y evaluativas en forma grupal. </span></span></p>','<p class=\"western\" style=\"margin-bottom: 0.35cm;\"><span style=\"font-family: Times New Roman, serif;\"><span style=\"font-size: small;\"><span lang=\"es-ES\"><span style=\"font-weight: normal;\"> Por las caracter&iacute;sticas de la asignatura que permiten desarrollar estrategias propias de ense&ntilde;anza - aprendizaje, a partir de un problema y mediante el empleo de distintas estrategias, arribar a una soluci&oacute;n del mismo. En la primera parte de la materia se comenzar&aacute; con formas de representaci&oacute;n de problemas y estrategias de resoluci&oacute;n. A continuaci&oacute;n se introducir&aacute; una metodolog&iacute;a con la cual podremos dise&ntilde;ar algoritmos, los que se traducir&aacute;n posteriormente al lenguaje Php. </span></span></span></span></p>\r\n<p class=\"western\" lang=\"es-ES\" style=\"margin-bottom: 0.35cm; font-weight: normal;\"><span style=\"font-family: Times New Roman, serif;\"><span style=\"font-size: small;\">Dado que el alumno deber&aacute; adquirir habilidades para participar en car&aacute;cter colaborativo, en proyectos de software e integrar equipos de trabajos para el desarrollo de aplicaciones centradas en la web, desde la asignatura se proponen algunas instancias de entrega de trabajos pr&aacute;cticos y evaluativas en forma grupal. </span></span></p>','<table style=\"border-collapse: collapse; height: 110px; border-color: black; border-style: solid; float: left;\" border=\"1\">\r\n<tbody>\r\n<tr style=\"height: 22px;\">\r\n<th style=\"width: 400.2px; height: 22px;\" colspan=\"5\">Cuatrimestre</th>\r\n</tr>\r\n<tr style=\"height: 44px;\">\r\n<th style=\"width: 106px; height: 44px;\">Tiempo <br />/ Unidades</th>\r\n<th style=\"width: 68px; height: 44px;\">Marzo</th>\r\n<th style=\"width: 53px; height: 44px;\">Abril</th>\r\n<th style=\"width: 61px; height: 44px;\">Mayo</th>\r\n<th style=\"width: 57px; height: 44px;\">Junio</th>\r\n</tr>\r\n<tr style=\"height: 22px;\">\r\n<td style=\"width: 106px; height: 22px;\">Unidad 1</td>\r\n<td style=\"width: 68px; height: 22px;\">X</td>\r\n<td style=\"width: 53px; height: 22px;\">&nbsp;</td>\r\n<td style=\"width: 61px; height: 22px;\">&nbsp;</td>\r\n<td style=\"width: 57px; height: 22px;\">&nbsp;</td>\r\n</tr>\r\n<tr style=\"height: 22px;\">\r\n<td style=\"width: 106px; height: 22px;\">Unidad 2</td>\r\n<td style=\"width: 68px; height: 22px;\">&nbsp;</td>\r\n<td style=\"width: 53px; height: 22px;\">&nbsp;</td>\r\n<td style=\"width: 61px; height: 22px;\">&nbsp;</td>\r\n<td style=\"width: 57px; height: 22px;\">&nbsp;</td>\r\n</tr>\r\n</tbody>\r\n</table>','<p>xxx</p>','2019-02-26 13:40:54','2019-02-26 19:47:36',83,83),(4,1,2,48,2019,'<p>ceci</p>\r\n<p>caro</p>','<p>REQUISITOS:</p>\r\n<p>&bull; Ficha de Inscripci&oacute;n al concurso, por duplicado (en Fotocopiadora o en http://web.curza.uncoma.edu.ar/cms/concursos/docentes/interinos) <br />&bull; T&iacute;tulo Universitario<br />&bull; Curriculum Vitae (copia impresa) con certificaciones autenticadas por autoridad competente <br />&bull; Curriculum Vitae (copia digital) los inscriptos deber&aacute;n enviar, al siguiente e-mail: <a href=\"mailto:departamento.cyt@curza.uncoma.edu.ar\">departamento.cyt@curza.uncoma.edu.ar </a></p>\r\n<p>&nbsp;</p>\r\n<p>ffff<br />&bull; Fotocopia DNI<br />&bull; &ldquo;Propuesta de program</p>','<p class=\"western\" lang=\"es-ES-u-co-trad\" style=\"font-weight: normal;\" align=\"justify\"><span style=\"font-size: small;\"><span style=\"color: #ff0000;\"><span style=\"font-family: Arial, sans-serif;\"><span style=\"font-size: medium;\"><span lang=\"es-ES\"><span style=\"font-style: normal;\"><u><strong>REQUISITOS</strong></u></span></span></span></span></span><span style=\"color: #ff0000;\"><span style=\"font-family: Arial, sans-serif;\"><span style=\"font-size: medium;\"><span lang=\"es-ES\"><em><u><strong>:</strong></u></em></span></span></span></span></span></p>\r\n<p class=\"western\" lang=\"es-ES-u-co-trad\" style=\"font-weight: normal;\" align=\"justify\">&nbsp;</p>\r\n<ul>\r\n<li>\r\n<p class=\"western\" lang=\"es-ES-u-co-trad\" style=\"font-weight: normal;\" align=\"justify\"><span style=\"font-size: small;\"><span style=\"font-family: Arial, sans-serif;\"><span style=\"font-size: medium;\"><span lang=\"es-ES\">Ficha de Inscripci&oacute;n al concurso, por duplicado (en Fotocopiadora o en</span></span></span><span style=\"color: #000080;\"><span lang=\"zxx\"><u><span style=\"font-family: Arial, sans-serif;\"><span style=\"font-size: medium;\"> http://web.curza.uncoma.edu.ar/cms/concursos/docentes/interinos</span></span></u></span></span><span style=\"font-family: Arial, sans-serif;\"><span style=\"font-size: medium;\"><span lang=\"es-ES\">) </span></span></span></span></p>\r\n</li>\r\n<li>\r\n<p class=\"western\" lang=\"es-ES\" style=\"font-weight: normal;\" align=\"justify\"><span style=\"font-family: Arial, sans-serif;\"><span style=\"font-size: medium;\">T&iacute;tulo Universitario</span></span></p>\r\n</li>\r\n<li>\r\n<p class=\"western\" lang=\"es-ES-u-co-trad\" style=\"font-weight: normal;\" align=\"justify\"><span style=\"font-size: small;\"><span style=\"font-family: Arial, sans-serif;\"><span style=\"font-size: medium;\"><span lang=\"es-ES\">Curriculum Vitae </span></span></span><span style=\"font-family: Arial, sans-serif;\"><span style=\"font-size: medium;\"><span lang=\"es-ES\"><em><strong>(copia impresa)</strong></em></span></span></span><span style=\"font-family: Arial, sans-serif;\"><span style=\"font-size: medium;\"><span lang=\"es-ES\"> con certificaciones autenticadas por autoridad competente </span></span></span></span></p>\r\n</li>\r\n<li>\r\n<p class=\"western\" lang=\"es-ES-u-co-trad\" style=\"font-weight: normal;\" align=\"justify\"><span style=\"font-size: small;\"><span style=\"font-family: Arial, sans-serif;\"><span style=\"font-size: medium;\"><span lang=\"es-ES\">Curriculum Vitae </span></span></span><span style=\"font-family: Arial, sans-serif;\"><span style=\"font-size: medium;\"><span lang=\"es-ES\"><em><strong>(copia digital)</strong></em></span></span></span><span style=\"font-family: Arial, sans-serif;\"><span style=\"font-size: medium;\"><span lang=\"es-ES\"> los inscriptos deber&aacute;n enviar, al siguiente e-mail:</span></span></span> <span style=\"color: #000080;\"><span lang=\"zxx\"><u><a class=\"western\" href=\"mailto:departamento.cyt@curza.uncoma.edu.ar\"><span style=\"font-family: Arial, sans-serif;\"><span style=\"font-size: medium;\">departamento.cyt@curza.uncoma.edu.ar</span></span></a></u></span></span> </span></p>\r\n</li>\r\n<li>\r\n<p class=\"western\" lang=\"zxx\" style=\"font-weight: normal; text-decoration: none;\" align=\"justify\"><span style=\"font-family: Arial, sans-serif;\"><span style=\"font-size: medium;\">Fotocopia DNI</span></span></p>\r\n</li>\r\n<li>\r\n<p class=\"western\" lang=\"es-ES-u-co-trad\" style=\"font-weight: normal;\" align=\"justify\"><span style=\"color: #000000;\"><span style=\"text-decoration: none;\"><span style=\"background: transparent;\">&ldquo;</span></span></span><span style=\"font-size: small;\"><span style=\"color: #000000;\"><span style=\"font-family: Arial, sans-serif;\"><span style=\"font-size: medium;\"><span lang=\"es-ES\"><em><u><strong><span style=\"background: transparent;\">Propuesta de program</span></strong></u></em></span></span></span></span></span></p>\r\n</li>\r\n</ul>','<p>REQUISITOS:</p>\r\n<p>&bull; Ficha de Inscripci&oacute;n al concurso, por duplicado (en Fotocopiadora o en http://web.curza.uncoma.edu.ar/cms/concursos/docentes/interinos) <br />&bull; T&iacute;tulo Universitario<br />&bull; Curriculum Vitae (copia impresa) con certificaciones autenticadas por autoridad competente <br />&bull; Curriculum Vitae (copia digital) los inscriptos deber&aacute;n enviar, al siguiente e-mail: departamento.cyt@curza.uncoma.edu.ar <br />&bull; Fotocopia DNI<br />&bull; &ldquo;Propuesta de program</p>','<p>REQUISITOS:</p>\r\n<p>&bull; Ficha de Inscripci&oacute;n al concurso, por duplicado (en Fotocopiadora o en http://web.curza.uncoma.edu.ar/cms/concursos/docentes/interinos) <br />&bull; T&iacute;tulo Universitario<br />&bull; Curriculum Vitae (copia impresa) con certificaciones autenticadas por autoridad competente <br />&bull; Curriculum Vitae (copia digital) los inscriptos deber&aacute;n enviar, al siguiente e-mail: departamento.cyt@curza.uncoma.edu.ar <br />&bull; Fotocopia DNI<br />&bull; &ldquo;Propuesta de program</p>','<p class=\"western\" lang=\"es-ES-u-co-trad\" style=\"font-weight: normal;\" align=\"justify\"><span style=\"font-size: small;\"><span style=\"color: #ff0000;\"><span style=\"font-family: Arial, sans-serif;\"><span style=\"font-size: medium;\"><span lang=\"es-ES\"><span style=\"font-style: normal;\"><u><strong>REQUISITOS</strong></u></span></span></span></span></span><span style=\"color: #ff0000;\"><span style=\"font-family: Arial, sans-serif;\"><span style=\"font-size: medium;\"><span lang=\"es-ES\"><em><u><strong>:</strong></u></em></span></span></span></span></span></p>\r\n<p class=\"western\" lang=\"es-ES-u-co-trad\" style=\"font-weight: normal;\" align=\"justify\">&nbsp;</p>\r\n<ul>\r\n<li>\r\n<p class=\"western\" lang=\"es-ES-u-co-trad\" style=\"font-weight: normal;\" align=\"justify\"><span style=\"font-size: small;\"><span style=\"font-family: Arial, sans-serif;\"><span style=\"font-size: medium;\"><span lang=\"es-ES\">Ficha de Inscripci&oacute;n al concurso, por duplicado (en Fotocopiadora o en</span></span></span><span style=\"color: #000080;\"><span lang=\"zxx\"><u><span style=\"font-family: Arial, sans-serif;\"><span style=\"font-size: medium;\"> http://web.curza.uncoma.edu.ar/cms/concursos/docentes/interinos</span></span></u></span></span><span style=\"font-family: Arial, sans-serif;\"><span style=\"font-size: medium;\"><span lang=\"es-ES\">) </span></span></span></span></p>\r\n</li>\r\n<li>\r\n<p class=\"western\" lang=\"es-ES\" style=\"font-weight: normal;\" align=\"justify\"><span style=\"font-family: Arial, sans-serif;\"><span style=\"font-size: medium;\">T&iacute;tulo Universitario</span></span></p>\r\n</li>\r\n<li>\r\n<p class=\"western\" lang=\"es-ES-u-co-trad\" style=\"font-weight: normal;\" align=\"justify\"><span style=\"font-size: small;\"><span style=\"font-family: Arial, sans-serif;\"><span style=\"font-size: medium;\"><span lang=\"es-ES\">Curriculum Vitae </span></span></span><span style=\"font-family: Arial, sans-serif;\"><span style=\"font-size: medium;\"><span lang=\"es-ES\"><em><strong>(copia impresa)</strong></em></span></span></span><span style=\"font-family: Arial, sans-serif;\"><span style=\"font-size: medium;\"><span lang=\"es-ES\"> con certificaciones autenticadas por autoridad competente </span></span></span></span></p>\r\n</li>\r\n<li>\r\n<p class=\"western\" lang=\"es-ES-u-co-trad\" style=\"font-weight: normal;\" align=\"justify\"><span style=\"font-size: small;\"><span style=\"font-family: Arial, sans-serif;\"><span style=\"font-size: medium;\"><span lang=\"es-ES\">Curriculum Vitae </span></span></span><span style=\"font-family: Arial, sans-serif;\"><span style=\"font-size: medium;\"><span lang=\"es-ES\"><em><strong>(copia digital)</strong></em></span></span></span><span style=\"font-family: Arial, sans-serif;\"><span style=\"font-size: medium;\"><span lang=\"es-ES\"> los inscriptos deber&aacute;n enviar, al siguiente e-mail:</span></span></span> <span style=\"color: #000080;\"><span lang=\"zxx\"><u><a class=\"western\" href=\"mailto:departamento.cyt@curza.uncoma.edu.ar\"><span style=\"font-family: Arial, sans-serif;\"><span style=\"font-size: medium;\">departamento.cyt@curza.uncoma.edu.ar</span></span></a></u></span></span> </span></p>\r\n</li>\r\n<li>\r\n<p class=\"western\" lang=\"zxx\" style=\"font-weight: normal; text-decoration: none;\" align=\"justify\"><span style=\"font-family: Arial, sans-serif;\"><span style=\"font-size: medium;\">Fotocopia DNI</span></span></p>\r\n</li>\r\n<li>\r\n<p class=\"western\" lang=\"es-ES-u-co-trad\" style=\"font-weight: normal;\" align=\"justify\"><span style=\"color: #000000;\"><span style=\"text-decoration: none;\"><span style=\"background: transparent;\">&ldquo;</span></span></span><span style=\"font-size: small;\"><span style=\"color: #000000;\"><span style=\"font-family: Arial, sans-serif;\"><span style=\"font-size: medium;\"><span lang=\"es-ES\"><em><u><strong><span style=\"background: transparent;\">Propuesta de program</span></strong></u></em></span></span></span></span></span></p>\r\n</li>\r\n</ul>','<p class=\"western\" lang=\"es-ES-u-co-trad\" style=\"font-weight: normal;\" align=\"justify\"><span style=\"font-size: small;\"><span style=\"color: #ff0000;\"><span style=\"font-family: Arial, sans-serif;\"><span style=\"font-size: medium;\"><span lang=\"es-ES\"><span style=\"font-style: normal;\"><u><strong>REQUISITOS</strong></u></span></span></span></span></span><span style=\"color: #ff0000;\"><span style=\"font-family: Arial, sans-serif;\"><span style=\"font-size: medium;\"><span lang=\"es-ES\"><em><u><strong>:</strong></u></em></span></span></span></span></span></p>\r\n<p class=\"western\" lang=\"es-ES-u-co-trad\" style=\"font-weight: normal;\" align=\"justify\">&nbsp;</p>\r\n<ul>\r\n<li>\r\n<p class=\"western\" lang=\"es-ES-u-co-trad\" style=\"font-weight: normal;\" align=\"justify\"><span style=\"font-size: small;\"><span style=\"font-family: Arial, sans-serif;\"><span style=\"font-size: medium;\"><span lang=\"es-ES\">Ficha de Inscripci&oacute;n al concurso, por duplicado (en Fotocopiadora o en</span></span></span><span style=\"color: #000080;\"><span lang=\"zxx\"><u><span style=\"font-family: Arial, sans-serif;\"><span style=\"font-size: medium;\"> http://web.curza.uncoma.edu.ar/cms/concursos/docentes/interinos</span></span></u></span></span><span style=\"font-family: Arial, sans-serif;\"><span style=\"font-size: medium;\"><span lang=\"es-ES\">) </span></span></span></span></p>\r\n</li>\r\n<li>\r\n<p class=\"western\" lang=\"es-ES\" style=\"font-weight: normal;\" align=\"justify\"><span style=\"font-family: Arial, sans-serif;\"><span style=\"font-size: medium;\">T&iacute;tulo Universitario</span></span></p>\r\n</li>\r\n<li>\r\n<p class=\"western\" lang=\"es-ES-u-co-trad\" style=\"font-weight: normal;\" align=\"justify\"><span style=\"font-size: small;\"><span style=\"font-family: Arial, sans-serif;\"><span style=\"font-size: medium;\"><span lang=\"es-ES\">Curriculum Vitae </span></span></span><span style=\"font-family: Arial, sans-serif;\"><span style=\"font-size: medium;\"><span lang=\"es-ES\"><em><strong>(copia impresa)</strong></em></span></span></span><span style=\"font-family: Arial, sans-serif;\"><span style=\"font-size: medium;\"><span lang=\"es-ES\"> con certificaciones autenticadas por autoridad competente </span></span></span></span></p>\r\n</li>\r\n<li>\r\n<p class=\"western\" lang=\"es-ES-u-co-trad\" style=\"font-weight: normal;\" align=\"justify\"><span style=\"font-size: small;\"><span style=\"font-family: Arial, sans-serif;\"><span style=\"font-size: medium;\"><span lang=\"es-ES\">Curriculum Vitae </span></span></span><span style=\"font-family: Arial, sans-serif;\"><span style=\"font-size: medium;\"><span lang=\"es-ES\"><em><strong>(copia digital)</strong></em></span></span></span><span style=\"font-family: Arial, sans-serif;\"><span style=\"font-size: medium;\"><span lang=\"es-ES\"> los inscriptos deber&aacute;n enviar, al siguiente e-mail:</span></span></span> <span style=\"color: #000080;\"><span lang=\"zxx\"><u><a class=\"western\" href=\"mailto:departamento.cyt@curza.uncoma.edu.ar\"><span style=\"font-family: Arial, sans-serif;\"><span style=\"font-size: medium;\">departamento.cyt@curza.uncoma.edu.ar</span></span></a></u></span></span> </span></p>\r\n</li>\r\n<li>\r\n<p class=\"western\" lang=\"zxx\" style=\"font-weight: normal; text-decoration: none;\" align=\"justify\"><span style=\"font-family: Arial, sans-serif;\"><span style=\"font-size: medium;\">Fotocopia DNI</span></span></p>\r\n</li>\r\n<li>\r\n<p class=\"western\" lang=\"es-ES-u-co-trad\" style=\"font-weight: normal;\" align=\"justify\"><span style=\"color: #000000;\"><span style=\"text-decoration: none;\"><span style=\"background: transparent;\">&ldquo;</span></span></span><span style=\"font-size: small;\"><span style=\"color: #000000;\"><span style=\"font-family: Arial, sans-serif;\"><span style=\"font-size: medium;\"><span lang=\"es-ES\"><em><u><strong><span style=\"background: transparent;\">Propuesta de program</span></strong></u></em></span></span></span></span></span></p>\r\n</li>\r\n</ul>','<p class=\"western\" lang=\"es-ES-u-co-trad\" style=\"font-weight: normal;\" align=\"justify\"><span style=\"font-size: small;\"><span style=\"color: #ff0000;\"><span style=\"font-family: Arial, sans-serif;\"><span style=\"font-size: medium;\"><span lang=\"es-ES\"><span style=\"font-style: normal;\"><u><strong>REQUISITOS</strong></u></span></span></span></span></span><span style=\"color: #ff0000;\"><span style=\"font-family: Arial, sans-serif;\"><span style=\"font-size: medium;\"><span lang=\"es-ES\"><em><u><strong>:</strong></u></em></span></span></span></span></span></p>\r\n<p class=\"western\" lang=\"es-ES-u-co-trad\" style=\"font-weight: normal;\" align=\"justify\">&nbsp;</p>\r\n<ul>\r\n<li>\r\n<p class=\"western\" lang=\"es-ES-u-co-trad\" style=\"font-weight: normal;\" align=\"justify\"><span style=\"font-size: small;\"><span style=\"font-family: Arial, sans-serif;\"><span style=\"font-size: medium;\"><span lang=\"es-ES\">Ficha de Inscripci&oacute;n al concurso, por duplicado (en Fotocopiadora o en</span></span></span><span style=\"color: #000080;\"><span lang=\"zxx\"><u><span style=\"font-family: Arial, sans-serif;\"><span style=\"font-size: medium;\"> http://web.curza.uncoma.edu.ar/cms/concursos/docentes/interinos</span></span></u></span></span><span style=\"font-family: Arial, sans-serif;\"><span style=\"font-size: medium;\"><span lang=\"es-ES\">) </span></span></span></span></p>\r\n</li>\r\n<li>\r\n<p class=\"western\" lang=\"es-ES\" style=\"font-weight: normal;\" align=\"justify\"><span style=\"font-family: Arial, sans-serif;\"><span style=\"font-size: medium;\">T&iacute;tulo Universitario</span></span></p>\r\n</li>\r\n<li>\r\n<p class=\"western\" lang=\"es-ES-u-co-trad\" style=\"font-weight: normal;\" align=\"justify\"><span style=\"font-size: small;\"><span style=\"font-family: Arial, sans-serif;\"><span style=\"font-size: medium;\"><span lang=\"es-ES\">Curriculum Vitae </span></span></span><span style=\"font-family: Arial, sans-serif;\"><span style=\"font-size: medium;\"><span lang=\"es-ES\"><em><strong>(copia impresa)</strong></em></span></span></span><span style=\"font-family: Arial, sans-serif;\"><span style=\"font-size: medium;\"><span lang=\"es-ES\"> con certificaciones autenticadas por autoridad competente </span></span></span></span></p>\r\n</li>\r\n<li>\r\n<p class=\"western\" lang=\"es-ES-u-co-trad\" style=\"font-weight: normal;\" align=\"justify\"><span style=\"font-size: small;\"><span style=\"font-family: Arial, sans-serif;\"><span style=\"font-size: medium;\"><span lang=\"es-ES\">Curriculum Vitae </span></span></span><span style=\"font-family: Arial, sans-serif;\"><span style=\"font-size: medium;\"><span lang=\"es-ES\"><em><strong>(copia digital)</strong></em></span></span></span><span style=\"font-family: Arial, sans-serif;\"><span style=\"font-size: medium;\"><span lang=\"es-ES\"> los inscriptos deber&aacute;n enviar, al siguiente e-mail:</span></span></span> <span style=\"color: #000080;\"><span lang=\"zxx\"><u><a class=\"western\" href=\"mailto:departamento.cyt@curza.uncoma.edu.ar\"><span style=\"font-family: Arial, sans-serif;\"><span style=\"font-size: medium;\">departamento.cyt@curza.uncoma.edu.ar</span></span></a></u></span></span> </span></p>\r\n</li>\r\n<li>\r\n<p class=\"western\" lang=\"zxx\" style=\"font-weight: normal; text-decoration: none;\" align=\"justify\"><span style=\"font-family: Arial, sans-serif;\"><span style=\"font-size: medium;\">Fotocopia DNI</span></span></p>\r\n</li>\r\n<li>\r\n<p class=\"western\" lang=\"es-ES-u-co-trad\" style=\"font-weight: normal;\" align=\"justify\"><span style=\"color: #000000;\"><span style=\"text-decoration: none;\"><span style=\"background: transparent;\">&ldquo;</span></span></span><span style=\"font-size: small;\"><span style=\"color: #000000;\"><span style=\"font-family: Arial, sans-serif;\"><span style=\"font-size: medium;\"><span lang=\"es-ES\"><em><u><strong><span style=\"background: transparent;\">Propuesta de program</span></strong></u></em></span></span></span></span></span></p>\r\n</li>\r\n</ul>','<p style=\"text-align: center;\">REQUISITOS:</p>\r\n<p style=\"text-align: center;\">&bull; Ficha de Inscripci&oacute;n al concurso, por duplicado (en Fotocopiadora o en http://web.curza.uncoma.edu.ar/cms/concursos/docentes/interinos) <br />&bull; T&iacute;tulo Universitario<br />&bull; Curriculum Vitae (copia impresa) con certificaciones autenticadas por autoridad competente <br />&bull; Curriculum Vitae (copia digital) los inscriptos deber&aacute;n enviar, al siguiente e-mail: departamento.cyt@curza.uncoma.edu.ar <br />&bull; Fotocopia DNI<br />&bull; &ldquo;Propuesta de program</p>','<p>REQUISITOS:</p>\r\n<p>&bull; Ficha de Inscripci&oacute;n al concurso, por duplicado (en Fotocopiadora o en http://web.curza.uncoma.edu.ar/cms/concursos/docentes/interinos) <br />&bull; T&iacute;tulo Universitario<br />&bull; Curriculum Vitae (copia impresa) con certificaciones autenticadas por autoridad competente <br />&bull; Curriculum Vitae (copia digital) los inscriptos deber&aacute;n enviar, al siguiente e-mail: departamento.cyt@curza.uncoma.edu.ar <br />&bull; Fotocopia DNI<br />&bull; &ldquo;Propuesta de program</p>','<p>REQUISITOS:</p>\r\n<p>&bull; Ficha de Inscripci&oacute;n al concurso, por duplicado (en Fotocopiadora o en http://web.curza.uncoma.edu.ar/cms/concursos/docentes/interinos) <br />&bull; T&iacute;tulo Universitario<br />&bull; Curriculum Vitae (copia impresa) con certificaciones autenticadas por autoridad competente <br />&bull; Curriculum Vitae (copia digital) los inscriptos deber&aacute;n enviar, al siguiente e-mail: departamento.cyt@curza.uncoma.edu.ar <br />&bull; Fotocopia DNI<br />&bull; &ldquo;Propuesta de program</p>','<p>xxx</p>','<table style=\"border-collapse: collapse; height: 110px; border-color: black; border-style: solid; float: left;\" border=\"1\">\r\n<tbody>\r\n<tr style=\"height: 22px;\">\r\n<th style=\"width: 400.2px; height: 22px;\" colspan=\"5\">Cuatrimestre</th>\r\n</tr>\r\n<tr style=\"height: 44px;\">\r\n<th style=\"width: 106px; height: 44px;\">Tiempo <br />/ Unidades</th>\r\n<th style=\"width: 68px; height: 44px;\">Marzo</th>\r\n<th style=\"width: 53px; height: 44px;\">Abril</th>\r\n<th style=\"width: 61px; height: 44px;\">Mayo</th>\r\n<th style=\"width: 57px; height: 44px;\">Junio</th>\r\n</tr>\r\n<tr style=\"height: 22px;\">\r\n<td style=\"width: 106px; height: 22px;\">Unidad 1</td>\r\n<td style=\"width: 68px; height: 22px;\">X</td>\r\n<td style=\"width: 53px; height: 22px;\">&nbsp;</td>\r\n<td style=\"width: 61px; height: 22px;\">&nbsp;</td>\r\n<td style=\"width: 57px; height: 22px;\">&nbsp;</td>\r\n</tr>\r\n<tr style=\"height: 22px;\">\r\n<td style=\"width: 106px; height: 22px;\">Unidad 2</td>\r\n<td style=\"width: 68px; height: 22px;\">&nbsp;</td>\r\n<td style=\"width: 53px; height: 22px;\">&nbsp;</td>\r\n<td style=\"width: 61px; height: 22px;\">&nbsp;</td>\r\n<td style=\"width: 57px; height: 22px;\">&nbsp;</td>\r\n</tr>\r\n</tbody>\r\n</table>','<p>xx</p>','2019-02-27 15:01:05','2019-02-27 15:10:36',83,83),(5,NULL,1,117,2019,'<p>Juan Carlos Brocca</p>\r\n<p>Ramiro Garc&iacute;a Poggi</p>','<ol style=\"list-style-type: upper-roman;\">\r\n<li><strong>Introducci&oacute;n al Software Libre, Jes&uacute;s Gonz&aacute;lez Barahona, </strong>Joaqu&iacute;n Seoane Pascual y Gregorio Robles, 2008 &ndash; Segunda Edici&oacute;n, Universitat Oberta de Catalunya.</li>\r\n<li><strong>Aspectos legales y de explotaci&oacute;n del software libre, </strong>Tomos 1 y 2, Malcom Bain, Manuel Gallego Rodr&iacute;guez, Manuel Mart&iacute;nez Ribas y Judit Rius Sanju&aacute;n, 2010, Universitat Oberta de Catalunya.</li>\r\n<li>&nbsp;<strong>Aspectos econ&oacute;micos y modelos de negocio del software libre, </strong>David Meg&iacute;as Jim&eacute;nez (coordinador) , Amadeu Alb&oacute;s Raya , Llu&iacute;s Bru Mart&iacute;nez e Irene Fern&aacute;ndez Monsalve, 2009, Universitat Oberta de Catalunya.</li>\r\n<li><strong>Gu&iacute;a pr&aacute;ctica sobre Software Libre, </strong>su selecci&oacute;n y aplicaci&oacute;n local en Am&eacute;rica Latina y el Caribe, Fernando da Rosa, Federico Heinz, 2007, Unesco.</li>\r\n</ol>','<ol style=\"list-style-type: upper-roman;\" start=\"5\">\r\n<li style=\"text-align: left;\"><strong>Gu&iacute;a del derecho y el software de fuentes abiertas</strong>, Malcolm Bain,2009, Cenatic.</li>\r\n<li><strong>Software Libre para una sociedad libre,</strong> Richard M. Stallman, 2004, Traficantes de Sue&ntilde;os.</li>\r\n<li><strong>Taller de migraci&oacute;n al Software Libre</strong>, 2009, Junta de Comunidades de Castilla-La Mancha.</li>\r\n</ol>\r\n<h4>Bibliograf&iacute;a Orientada</h4>\r\n<p>Para que los estudiantes puedan dimensionar la importancia de los materiales de estudio y ordenar sus lecturas, se les ofrece un esquema donde cada libro aparece identificado con un n&uacute;mero y puesto en relaci&oacute;n con las unidades del programa:</p>\r\n<table style=\"height: 411px;\" border=\"0\" width=\"649\" cellspacing=\"0\"><colgroup span=\"6\" width=\"85\"></colgroup>\r\n<tbody>\r\n<tr>\r\n<td style=\"border-bottom: 1px solid #000000; width: 91px;\" align=\"center\" height=\"20\"><strong><span style=\"font-size: medium;\">&nbsp;</span></strong></td>\r\n<td style=\"border: 1px solid #000000; width: 523px;\" colspan=\"5\" align=\"center\" valign=\"middle\"><strong><span style=\"font-size: medium;\">Unidad</span></strong></td>\r\n</tr>\r\n<tr>\r\n<td style=\"border: 1px solid #000000; border-top: none; width: 91px;\" align=\"center\" height=\"20\"><strong><span style=\"font-size: medium;\">Libro</span></strong></td>\r\n<td style=\"border-bottom: 1px solid #000000; border-right: 1px solid #000000; width: 91px;\" align=\"center\"><strong><span style=\"font-size: medium;\">1</span></strong></td>\r\n<td style=\"border-bottom: 1px solid #000000; border-right: 1px solid #000000; width: 91px;\" align=\"center\"><strong><span style=\"font-size: medium;\">2</span></strong></td>\r\n<td style=\"border-bottom: 1px solid #000000; border-right: 1px solid #000000; width: 91px;\" align=\"center\"><strong><span style=\"font-size: medium;\">3</span></strong></td>\r\n<td style=\"border-bottom: 1px solid #000000; border-right: 1px solid #000000; width: 91px;\" align=\"center\"><strong><span style=\"font-size: medium;\">4</span></strong></td>\r\n<td style=\"border-bottom: 1px solid #000000; border-right: 1px solid #000000; width: 91px;\" align=\"center\"><strong><span style=\"font-size: medium;\">5</span></strong></td>\r\n</tr>\r\n<tr>\r\n<td style=\"border-bottom: 1px solid #000000; border-left: 1px solid #000000; border-right: 1px solid #000000; width: 91px;\" align=\"center\" height=\"20\"><strong><span style=\"font-size: medium;\">I</span></strong></td>\r\n<td style=\"border-bottom: 1px solid #000000; border-right: 1px solid #000000; width: 91px;\" align=\"center\"><strong><span style=\"font-size: medium;\">***</span></strong></td>\r\n<td style=\"border-bottom: 1px solid #000000; border-right: 1px solid #000000; width: 91px;\" align=\"center\"><strong><span style=\"font-size: medium;\">**</span></strong></td>\r\n<td style=\"border-bottom: 1px solid #000000; border-right: 1px solid #000000; width: 91px;\" align=\"center\"><strong><span style=\"font-size: medium;\">**</span></strong></td>\r\n<td style=\"border-bottom: 1px solid #000000; border-right: 1px solid #000000; width: 91px;\" align=\"center\"><strong><span style=\"font-size: medium;\">**</span></strong></td>\r\n<td style=\"border-bottom: 1px solid #000000; border-right: 1px solid #000000; width: 91px;\" align=\"center\"><strong><span style=\"font-size: medium;\">**</span></strong></td>\r\n</tr>\r\n<tr>\r\n<td style=\"border-bottom: 1px solid #000000; border-left: 1px solid #000000; border-right: 1px solid #000000; width: 91px;\" align=\"center\" height=\"20\"><strong><span style=\"font-size: medium;\">II</span></strong></td>\r\n<td style=\"border-bottom: 1px solid #000000; border-right: 1px solid #000000; width: 91px;\" align=\"center\"><strong><span style=\"font-size: medium;\">***</span></strong></td>\r\n<td style=\"border-bottom: 1px solid #000000; border-right: 1px solid #000000; width: 91px;\" align=\"center\"><strong><span style=\"font-size: medium;\">**</span></strong></td>\r\n<td style=\"border-bottom: 1px solid #000000; border-right: 1px solid #000000; width: 91px;\" align=\"center\"><strong><span style=\"font-size: medium;\">***</span></strong></td>\r\n<td style=\"border-bottom: 1px solid #000000; border-right: 1px solid #000000; width: 91px;\" align=\"center\"><strong><span style=\"font-size: medium;\">*</span></strong></td>\r\n<td style=\"border-bottom: 1px solid #000000; border-right: 1px solid #000000; width: 91px;\" align=\"center\"><strong><span style=\"font-size: medium;\">&nbsp;</span></strong></td>\r\n</tr>\r\n<tr>\r\n<td style=\"border-bottom: 1px solid #000000; border-left: 1px solid #000000; border-right: 1px solid #000000; width: 91px;\" align=\"center\" height=\"20\"><strong><span style=\"font-size: medium;\">III</span></strong></td>\r\n<td style=\"border-bottom: 1px solid #000000; border-right: 1px solid #000000; width: 91px;\" align=\"center\"><strong><span style=\"font-size: medium;\">&nbsp;</span></strong></td>\r\n<td style=\"border-bottom: 1px solid #000000; border-right: 1px solid #000000; width: 91px;\" align=\"center\"><strong><span style=\"font-size: medium;\">***</span></strong></td>\r\n<td style=\"border-bottom: 1px solid #000000; border-right: 1px solid #000000; width: 91px;\" align=\"center\"><strong><span style=\"font-size: medium;\">&nbsp;</span></strong></td>\r\n<td style=\"border-bottom: 1px solid #000000; border-right: 1px solid #000000; width: 91px;\" align=\"center\"><strong><span style=\"font-size: medium;\">***</span></strong></td>\r\n<td style=\"border-bottom: 1px solid #000000; border-right: 1px solid #000000; width: 91px;\" align=\"center\"><strong><span style=\"font-size: medium;\">&nbsp;</span></strong></td>\r\n</tr>\r\n<tr>\r\n<td style=\"border-bottom: 1px solid #000000; border-left: 1px solid #000000; border-right: 1px solid #000000; width: 91px;\" align=\"center\" height=\"20\"><strong><span style=\"font-size: medium;\">IV</span></strong></td>\r\n<td style=\"border-bottom: 1px solid #000000; border-right: 1px solid #000000; width: 91px;\" align=\"center\"><strong><span style=\"font-size: medium;\">&nbsp;</span></strong></td>\r\n<td style=\"border-bottom: 1px solid #000000; border-right: 1px solid #000000; width: 91px;\" align=\"center\"><strong><span style=\"font-size: medium;\">&nbsp;</span></strong></td>\r\n<td style=\"border-bottom: 1px solid #000000; border-right: 1px solid #000000; width: 91px;\" align=\"center\"><strong><span style=\"font-size: medium;\">&nbsp;</span></strong></td>\r\n<td style=\"border-bottom: 1px solid #000000; border-right: 1px solid #000000; width: 91px;\" align=\"center\"><strong><span style=\"font-size: medium;\">***</span></strong></td>\r\n<td style=\"border-bottom: 1px solid #000000; border-right: 1px solid #000000; width: 91px;\" align=\"center\"><strong><span style=\"font-size: medium;\">***</span></strong></td>\r\n</tr>\r\n<tr>\r\n<td style=\"border-bottom: 1px solid #000000; border-left: 1px solid #000000; border-right: 1px solid #000000; width: 91px;\" align=\"center\" height=\"20\"><strong><span style=\"font-size: medium;\">V</span></strong></td>\r\n<td style=\"border-bottom: 1px solid #000000; border-right: 1px solid #000000; width: 91px;\" align=\"center\"><strong><span style=\"font-size: medium;\">*</span></strong></td>\r\n<td style=\"border-bottom: 1px solid #000000; border-right: 1px solid #000000; width: 91px;\" align=\"center\"><strong><span style=\"font-size: medium;\">&nbsp;</span></strong></td>\r\n<td style=\"border-bottom: 1px solid #000000; border-right: 1px solid #000000; width: 91px;\" align=\"center\"><strong><span style=\"font-size: medium;\">&nbsp;</span></strong></td>\r\n<td style=\"border-bottom: 1px solid #000000; border-right: 1px solid #000000; width: 91px;\" align=\"center\"><strong><span style=\"font-size: medium;\">&nbsp;</span></strong></td>\r\n<td style=\"border-bottom: 1px solid #000000; border-right: 1px solid #000000; width: 91px;\" align=\"center\"><strong><span style=\"font-size: medium;\">&nbsp;</span></strong></td>\r\n</tr>\r\n<tr>\r\n<td style=\"border-bottom: 1px solid #000000; border-left: 1px solid #000000; border-right: 1px solid #000000; width: 91px;\" align=\"center\" height=\"20\"><strong><span style=\"font-size: medium;\">VI</span></strong></td>\r\n<td style=\"border-bottom: 1px solid #000000; border-right: 1px solid #000000; width: 91px;\" align=\"center\"><strong><span style=\"font-size: medium;\">*</span></strong></td>\r\n<td style=\"border-bottom: 1px solid #000000; border-right: 1px solid #000000; width: 91px;\" align=\"center\"><strong><span style=\"font-size: medium;\">&nbsp;</span></strong></td>\r\n<td style=\"border-bottom: 1px solid #000000; border-right: 1px solid #000000; width: 91px;\" align=\"center\"><strong><span style=\"font-size: medium;\">&nbsp;</span></strong></td>\r\n<td style=\"border-bottom: 1px solid #000000; border-right: 1px solid #000000; width: 91px;\" align=\"center\"><strong><span style=\"font-size: medium;\">&nbsp;</span></strong></td>\r\n<td style=\"border-bottom: 1px solid #000000; border-right: 1px solid #000000; width: 91px;\" align=\"center\"><strong><span style=\"font-size: medium;\">&nbsp;</span></strong></td>\r\n</tr>\r\n<tr>\r\n<td style=\"border-bottom: 1px solid #000000; border-left: 1px solid #000000; border-right: 1px solid #000000; width: 91px;\" align=\"center\" height=\"20\"><strong><span style=\"font-size: medium;\">VII</span></strong></td>\r\n<td style=\"border-bottom: 1px solid #000000; border-right: 1px solid #000000; width: 91px;\" align=\"center\"><strong><span style=\"font-size: medium;\">**</span></strong></td>\r\n<td style=\"border-bottom: 1px solid #000000; border-right: 1px solid #000000; width: 91px;\" align=\"center\"><strong><span style=\"font-size: medium;\">&nbsp;</span></strong></td>\r\n<td style=\"border-bottom: 1px solid #000000; border-right: 1px solid #000000; width: 91px;\" align=\"center\"><strong><span style=\"font-size: medium;\">**</span></strong></td>\r\n<td style=\"border-bottom: 1px solid #000000; border-right: 1px solid #000000; width: 91px;\" align=\"center\"><strong><span style=\"font-size: medium;\">**</span></strong></td>\r\n<td style=\"border-bottom: 1px solid #000000; border-right: 1px solid #000000; width: 91px;\" align=\"center\">&nbsp;</td>\r\n</tr>\r\n</tbody>\r\n</table>\r\n<p>La totalidad de la bibliograf&iacute;a propuesta se encuentra en formato digital y de libre disponibilidad, de acuerdo con los t&eacute;rminos de las respectivas licencias.<br />Los apuntes de c&aacute;tedra se encuentran a disposici&oacute;n de los estudiantes.</p>','<h4>Del Programa</h4>\r\n<p><br />La utilizaci&oacute;n del Software Libre ha gestado un cambio tecnol&oacute;gico y cultural que requiere de un estudio especializado. <br />Es as&iacute; que, en concordancia con el objetivo principal de la carrera, el contenido de la signatura se ha dise&ntilde;ado con la finalidad de formar a los estudiantes en el conocimiento y empleo de procedimientos, modelos, t&eacute;cnicas y herramientas que les permitan abordar la problem&aacute;tica relativa a la implementaci&oacute;n de tecnolog&iacute;as libres, entendi&eacute;ndose como tal todos aquellos modernos desarrollos tecnol&oacute;gicos que comparten el esp&iacute;ritu del Software Libre.</p>\r\n<p><br />Por tal motivo se presentan los aspectos espec&iacute;ficos del paradigma, con el foco en su definici&oacute;n y las consecuencias que implica su utilizaci&oacute;n.</p>\r\n<h4><br />De la estructura de c&aacute;tedra</h4>\r\n<p><br />El equipo de c&aacute;tedra est&aacute; conformado de acuerdo con las pol&iacute;ticas de designaci&oacute;n establecidas y la cantidad de estudiantes matriculados a la asignatura.</p>','<ul>\r\n<li>Conocer los aspectos t&eacute;cnicos, legales, econ&oacute;micos y sociales que distinguen al Software Libre y de C&oacute;digo Abierto.</li>\r\n<li>Conocer las formas de analizar, evaluar y utilizar las fuentes de documentaci&oacute;n y soporte del Software Libre y de C&oacute;digo Abierto.</li>\r\n</ul>','<p>Se pretende que el estudiante adquiera una visi&oacute;n general del paradigma del Software Libre, desarrollando las habilidades te&oacute;rico-pr&aacute;cticas que le permitan:</p>\r\n<ul>\r\n<li>Conocer los aspectos t&eacute;cnicos, legales, econ&oacute;micos y sociales que distinguen al modelo.</li>\r\n<li>Dominar las formas de analizar, evaluar y utilizar las fuentes de documentaci&oacute;n y soporte del Software Libre.</li>\r\n<li>Desarrollar habilidades en la resoluci&oacute;n de problemas, trabajando tanto de forma aut&oacute;noma como en equipo.</li>\r\n</ul>','<p>Las licencias de software. Software Libre y Open Source. Comparaci&oacute;n. Ventajas de la disponibilidad del c&oacute;digo fuente. Modelos de desarrollo abiertos y colaborativos. Aspectos legales y de explotaci&oacute;n del Software Libre. Implantaci&oacute;n de sistemas de Software Libre. <br />Factibilidad. Aspectos econ&oacute;micos y modelos de negocio del Software Libre. Costo total de operaci&oacute;n. Comparaci&oacute;n con otras alternativas. El Software Libre en el sector p&uacute;blico, en la educaci&oacute;n y en la empresa.</p>','<h4>Unidad 1: Introducci&oacute;n al Software Libre</h4>\r\n<p>Introducci&oacute;n. Software Libre y C&oacute;digo Abierto. Aspectos &eacute;ticos. Implicancias sociales. Localizaci&oacute;n. Proyectos libres.</p>\r\n<h4>Unidad 2: Aspectos t&eacute;cnicos</h4>\r\n<p>Proyectos de Software Libre. Modelo de desarrollo. Infraestructura tecnol&oacute;gica. Manejo de documentaci&oacute;n y soporte. Seguridad.</p>\r\n<h4>Unidad 3: Aspectos legales</h4>\r\n<p>Dominio P&uacute;blico, <em>Copyright</em>, <em>Copyleft</em> y&nbsp; Licencias de Software. Licenciamiento <em>FSF</em>, <em>Creative Commons</em>, <em>OSI</em> y otros.</p>\r\n<h4>Unidad 4: Uso y aplicaci&oacute;n de Software Libre</h4>\r\n<p>Costo total de operaci&oacute;n. Estudio de costo/beneficio. Procesos de migraci&oacute;n.</p>\r\n<h4>Unidad 5: Producci&oacute;n de Software Libre y con Software Libre</h4>\r\n<p>Modelos de negocio. Colaboraci&oacute;n en proyectos. Organizaciones y software. Administraci&oacute;n p&uacute;blica, educaci&oacute;n p&uacute;blica, sector privado.</p>','<p>Las especiales caracter&iacute;sticas del objeto de la asignatura permiten potenciar el paradigma b&aacute;sico de la ense&ntilde;anza universitaria tradicional y llevarla a un plano innovador. El uso de Internet y de medios audiovisuales integrados posibilitan la vinculaci&oacute;n entre el cuerpo docente y los estudiantes con independencia del tiempo y de las instancias presenciales. <br />Es por eso que la propuesta metodol&oacute;gica se basar&aacute; en estrategias propias de una ense&ntilde;anza activa, centrada en el trabajo te&oacute;rico-pr&aacute;ctico, con utilizaci&oacute;n de todos los elementos t&eacute;cnicos disponibles que las propias tecnolog&iacute;as proporcionan, tal el caso de simuladores. <br />La exposici&oacute;n y fundamentaci&oacute;n de los conceptos b&aacute;sicos se aplicar&aacute;n inmediatamente a situaciones reales, particularmente ajustadas al perfil del futuro egresado. Se presentar&aacute;n propuestas de trabajo que permitan la interacci&oacute;n a trav&eacute;s de grupos, reales y virtuales, para potenciar el aprendizaje y favorecer la cooperaci&oacute;n.<br />Se utilizar&aacute;n herramientas de Software Libre, centrando la atenci&oacute;n en las particularidades de los programas y en la filosof&iacute;a de trabajo subyacente. <br />Se insistir&aacute; especialmente en las t&eacute;cnicas y en el desarrollo de la capacidad para abordar problemas nuevos por parte del estudiante, aportando soluciones conocidas o generando nuevas alternativas.</p>','','','','','','2019-02-27 15:03:26','2019-02-27 15:15:16',81,83);
/*!40000 ALTER TABLE `programa` ENABLE KEYS */;
UNLOCK TABLES;

--
-- Table structure for table `rol`
--

DROP TABLE IF EXISTS `rol`;
/*!40101 SET @saved_cs_client     = @@character_set_client */;
/*!40101 SET character_set_client = utf8 */;
CREATE TABLE `rol` (
  `id` int(11) NOT NULL AUTO_INCREMENT,
  `rol_nombre` varchar(45) COLLATE utf8_unicode_ci NOT NULL,
  `rol_valor` int(11) NOT NULL,
  PRIMARY KEY (`id`)
) ENGINE=InnoDB AUTO_INCREMENT=9 DEFAULT CHARSET=utf8 COLLATE=utf8_unicode_ci;
/*!40101 SET character_set_client = @saved_cs_client */;

--
-- Dumping data for table `rol`
--

LOCK TABLES `rol` WRITE;
/*!40000 ALTER TABLE `rol` DISABLE KEYS */;
INSERT INTO `rol` VALUES (1,'Usuario',20),(2,'Admin',120),(3,'SuperUsuario',150),(4,'Profesor',40),(5,'Departamento',60),(6,'Adm_academica',80),(7,'Sec_academica',100),(8,'Biblioteca',50);
/*!40000 ALTER TABLE `rol` ENABLE KEYS */;
UNLOCK TABLES;

--
-- Table structure for table `status`
--

DROP TABLE IF EXISTS `status`;
/*!40101 SET @saved_cs_client     = @@character_set_client */;
/*!40101 SET character_set_client = utf8 */;
CREATE TABLE `status` (
  `id` int(11) NOT NULL AUTO_INCREMENT,
  `descripcion` varchar(255) COLLATE utf8_spanish_ci NOT NULL,
  `value` int(3) DEFAULT NULL,
  PRIMARY KEY (`id`)
) ENGINE=InnoDB AUTO_INCREMENT=7 DEFAULT CHARSET=utf8 COLLATE=utf8_spanish_ci;
/*!40101 SET character_set_client = @saved_cs_client */;

--
-- Dumping data for table `status`
--

LOCK TABLES `status` WRITE;
/*!40000 ALTER TABLE `status` DISABLE KEYS */;
INSERT INTO `status` VALUES (1,'Borrador',5),(2,'Departamento',10),(3,'Profesor',7),(4,'Administración Académica',20),(5,'Secretaría Académica',30),(6,'Biblioteca',50);
/*!40000 ALTER TABLE `status` ENABLE KEYS */;
UNLOCK TABLES;

--
-- Table structure for table `tema`
--

DROP TABLE IF EXISTS `tema`;
/*!40101 SET @saved_cs_client     = @@character_set_client */;
/*!40101 SET character_set_client = utf8 */;
CREATE TABLE `tema` (
  `id` int(11) NOT NULL AUTO_INCREMENT,
  `descripcion` varchar(255) COLLATE utf8_spanish_ci NOT NULL,
  `unidad_id` int(11) DEFAULT NULL,
  PRIMARY KEY (`id`),
  KEY `unidadtema` (`unidad_id`),
  CONSTRAINT `unidadtema` FOREIGN KEY (`unidad_id`) REFERENCES `unidad` (`id`) ON DELETE NO ACTION ON UPDATE NO ACTION
) ENGINE=InnoDB DEFAULT CHARSET=utf8 COLLATE=utf8_spanish_ci;
/*!40101 SET character_set_client = @saved_cs_client */;

--
-- Dumping data for table `tema`
--

LOCK TABLES `tema` WRITE;
/*!40000 ALTER TABLE `tema` DISABLE KEYS */;
/*!40000 ALTER TABLE `tema` ENABLE KEYS */;
UNLOCK TABLES;

--
-- Table structure for table `tipo_usuario`
--

DROP TABLE IF EXISTS `tipo_usuario`;
/*!40101 SET @saved_cs_client     = @@character_set_client */;
/*!40101 SET character_set_client = utf8 */;
CREATE TABLE `tipo_usuario` (
  `id` int(11) NOT NULL AUTO_INCREMENT,
  `tipo_usuario_nombre` varchar(45) COLLATE utf8_unicode_ci NOT NULL,
  `tipo_usuario_valor` int(11) NOT NULL,
  PRIMARY KEY (`id`)
) ENGINE=InnoDB AUTO_INCREMENT=3 DEFAULT CHARSET=utf8 COLLATE=utf8_unicode_ci;
/*!40101 SET character_set_client = @saved_cs_client */;

--
-- Dumping data for table `tipo_usuario`
--

LOCK TABLES `tipo_usuario` WRITE;
/*!40000 ALTER TABLE `tipo_usuario` DISABLE KEYS */;
INSERT INTO `tipo_usuario` VALUES (1,'Gratuito',10),(2,'Pago',30);
/*!40000 ALTER TABLE `tipo_usuario` ENABLE KEYS */;
UNLOCK TABLES;

--
-- Table structure for table `unidad`
--

DROP TABLE IF EXISTS `unidad`;
/*!40101 SET @saved_cs_client     = @@character_set_client */;
/*!40101 SET character_set_client = utf8 */;
CREATE TABLE `unidad` (
  `id` int(11) NOT NULL AUTO_INCREMENT,
  `descripcion` varchar(255) COLLATE utf8_spanish_ci NOT NULL,
  `biblio_basica` varchar(255) COLLATE utf8_spanish_ci NOT NULL,
  `biblio_consulta` varchar(255) COLLATE utf8_spanish_ci NOT NULL,
  `crono_tent` date DEFAULT NULL,
  `programa_id` int(11) DEFAULT NULL,
  PRIMARY KEY (`id`),
  KEY `programaunidad` (`programa_id`),
  CONSTRAINT `programaunidad` FOREIGN KEY (`programa_id`) REFERENCES `programa` (`id`) ON DELETE NO ACTION ON UPDATE NO ACTION
) ENGINE=InnoDB DEFAULT CHARSET=utf8 COLLATE=utf8_spanish_ci;
/*!40101 SET character_set_client = @saved_cs_client */;

--
-- Dumping data for table `unidad`
--

LOCK TABLES `unidad` WRITE;
/*!40000 ALTER TABLE `unidad` DISABLE KEYS */;
/*!40000 ALTER TABLE `unidad` ENABLE KEYS */;
UNLOCK TABLES;

--
-- Table structure for table `user`
--

DROP TABLE IF EXISTS `user`;
/*!40101 SET @saved_cs_client     = @@character_set_client */;
/*!40101 SET character_set_client = utf8 */;
CREATE TABLE `user` (
  `id` int(11) NOT NULL AUTO_INCREMENT,
  `username` varchar(255) COLLATE utf8_unicode_ci NOT NULL,
  `auth_key` varchar(32) COLLATE utf8_unicode_ci NOT NULL,
  `password_hash` varchar(255) COLLATE utf8_unicode_ci NOT NULL,
  `password_reset_token` varchar(255) COLLATE utf8_unicode_ci DEFAULT NULL,
  `email` varchar(255) COLLATE utf8_unicode_ci NOT NULL,
  `rol_id` int(11) NOT NULL DEFAULT '1',
  `estado_id` int(11) NOT NULL DEFAULT '1',
  `tipo_usuario_id` int(11) NOT NULL DEFAULT '1',
  `created_at` datetime NOT NULL,
  `updated_at` datetime NOT NULL,
  PRIMARY KEY (`id`)
) ENGINE=InnoDB AUTO_INCREMENT=291 DEFAULT CHARSET=utf8 COLLATE=utf8_unicode_ci;
/*!40101 SET character_set_client = @saved_cs_client */;

--
-- Dumping data for table `user`
--

LOCK TABLES `user` WRITE;
/*!40000 ALTER TABLE `user` DISABLE KEYS */;
INSERT INTO `user` VALUES (1,'admin','12pemSeqcG-ov-bgrrsQli74vxmmzPOC','$2y$13$G1T2QXJ5sBrsvKb3p61vFek301wWxh/EFIfqCdJXPLnavzyBh4lC2',NULL,'admin@email.com',2,1,1,'2015-01-01 00:00:00','2015-01-01 00:00:00'),(3,'superusuario','Om3xl7PrKHacvNFLyeiDsCxo3TUhU_n0','$2y$13$i4wfK06f3H4nWGxTtR0Y0.wbNBEJtpgW6.1zwtwU3mjd6socf9/Hu',NULL,'superusuario@email.com',3,1,1,'2015-01-01 00:00:00','2015-01-01 00:00:00'),(8,'biblioteca','kNM5QVjArxGKylCrvUKgyzRNnPaoCCCA','$2y$13$peVfPVGTk/mOPGFmOqnl1uSogjeWvvwbCUuie87k1vscqty.dS6uS',NULL,'biblioteca@email.com',8,1,1,'2015-01-01 00:00:00','2015-01-01 00:00:00'),(41,'11339641','12pemSeqcG-ov-bgrrsQli74vxmmzPOC','$2y$13$iTSDBkAIE5MH0YyZWriRYOSG3mw1s65y8qdBNdUQtVlBYiUvYuyuq',NULL,'prueba@email.com',4,1,1,'2015-01-01 00:00:00','2015-01-01 00:00:00'),(42,'12026150','12pemSeqcG-ov-bgrrsQli74vxmmzPOC','$2y$13$rX1fZYZsqPlOymgsq4MzvOXq2zyngq2D5oyrpgOAgA/EWnvZS1v4m',NULL,'prueba@email.com',4,1,1,'2015-01-01 00:00:00','2015-01-01 00:00:00'),(43,'13848543','12pemSeqcG-ov-bgrrsQli74vxmmzPOC','$2y$13$FcJ/Dd1HN1HKVj/RnPhiM.VoTGG.fvYOMnrRuo3ZzPQ9r10jks3fW',NULL,'prueba@email.com',4,1,1,'2015-01-01 00:00:00','2015-01-01 00:00:00'),(44,'22979165','12pemSeqcG-ov-bgrrsQli74vxmmzPOC','$2y$13$N36SWGWeYVSJZO2TL53pyOhLH6DLbpCfxaPqrKDLs4nN0JO0ZOYfq',NULL,'prueba@email.com',4,1,1,'2015-01-01 00:00:00','2015-01-01 00:00:00'),(45,'29034335','12pemSeqcG-ov-bgrrsQli74vxmmzPOC','$2y$13$NbydcdHdFXfq2m8dxoPdUeUTC2Xgl614/3SPj0TBAQkpmPKi5y6iq',NULL,'prueba@email.com',4,1,1,'2015-01-01 00:00:00','2015-01-01 00:00:00'),(46,'14019059','12pemSeqcG-ov-bgrrsQli74vxmmzPOC','$2y$13$MDQL8WTwxqP1.NavmxcZX.WWJn/Zd6HAKE2x0Cp0pJS3bbPBRY1fu',NULL,'prueba@email.com',4,1,1,'2015-01-01 00:00:00','2015-01-01 00:00:00'),(47,'21871268','12pemSeqcG-ov-bgrrsQli74vxmmzPOC','$2y$13$mseTUaDzX/9cfaWa3megG.milAIrteVU6G7gEDNfELOHE.zv/l0l2',NULL,'prueba@email.com',4,1,1,'2015-01-01 00:00:00','2015-01-01 00:00:00'),(48,'16910054','12pemSeqcG-ov-bgrrsQli74vxmmzPOC','$2y$13$R.j5rf/xyV0A8qHDYqBHWe9ezdsU7Bd.Vt4Vy.qI/uXeT5be2tHOK',NULL,'prueba@email.com',4,1,1,'2015-01-01 00:00:00','2015-01-01 00:00:00'),(49,'27180122','12pemSeqcG-ov-bgrrsQli74vxmmzPOC','$2y$13$XUaHdQvqB5Vd.tz03PBq..A3JAPw464fISIuidRU1tlfZS/Gf4ht2',NULL,'prueba@email.com',4,1,1,'2015-01-01 00:00:00','2015-01-01 00:00:00'),(50,'20750409','12pemSeqcG-ov-bgrrsQli74vxmmzPOC','$2y$13$N7.9wg.tqz0GsefR6VHD6.AZawayYNBpkqBrXbjp8n.ry/x1mAl..',NULL,'prueba@email.com',4,1,1,'2015-01-01 00:00:00','2015-01-01 00:00:00'),(51,'14365764','12pemSeqcG-ov-bgrrsQli74vxmmzPOC','$2y$13$h8GS8XI07fnpy48wZzwYuOEi2mi7FaDqJ62uqGlXI0WKHnL09tAfG',NULL,'prueba@email.com',4,1,1,'2015-01-01 00:00:00','2015-01-01 00:00:00'),(52,'17475349','12pemSeqcG-ov-bgrrsQli74vxmmzPOC','$2y$13$BlMM.HrqWFY63Z2pd9ggV.pDhB7GgisxAGkRBXW9xGxrB4BmyGqRC',NULL,'prueba@email.com',4,1,1,'2015-01-01 00:00:00','2015-01-01 00:00:00'),(53,'12345102','12pemSeqcG-ov-bgrrsQli74vxmmzPOC','$2y$13$eN6CjMyPHV0w4R1.Phw/Auw6QjaMXX.EdwnDJ0pFOjWp0lR9Czv4y',NULL,'prueba@email.com',4,1,1,'2015-01-01 00:00:00','2015-01-01 00:00:00'),(54,'30823666','12pemSeqcG-ov-bgrrsQli74vxmmzPOC','$2y$13$QngbCvBrawBwFHhyINwiV.M7EBds9eX0xD7YItI.TNRqZj3yrQWPq',NULL,'prueba@email.com',4,1,1,'2015-01-01 00:00:00','2015-01-01 00:00:00'),(55,'5763729','12pemSeqcG-ov-bgrrsQli74vxmmzPOC','$2y$13$y0H9wsMVlkf/CRjMCfHMKuJwNG68hVDmr2igmgiMeewHQN0j43zH2',NULL,'prueba@email.com',4,1,1,'2015-01-01 00:00:00','2015-01-01 00:00:00'),(56,'24876391','12pemSeqcG-ov-bgrrsQli74vxmmzPOC','$2y$13$LQ85xIthjn5NR4itfxaEHuUQJ64CDmEx6z9y7.YcwS3Why0zTYUWq',NULL,'prueba@email.com',4,1,1,'2015-01-01 00:00:00','2015-01-01 00:00:00'),(57,'13823650','12pemSeqcG-ov-bgrrsQli74vxmmzPOC','$2y$13$Onar7XxpcvzJf9KYll22hu/zQNEmYSUjnTfS5YXERFBG5nRsfqmNi',NULL,'prueba@email.com',4,1,1,'2015-01-01 00:00:00','2015-01-01 00:00:00'),(58,'29034252','12pemSeqcG-ov-bgrrsQli74vxmmzPOC','$2y$13$n5GMwMGcb5t7Oq69MmuwQuFH71cucEXgm8XBIJ5hTPO.X4I69kY2a',NULL,'prueba@email.com',4,1,1,'2015-01-01 00:00:00','2015-01-01 00:00:00'),(59,'27407160','12pemSeqcG-ov-bgrrsQli74vxmmzPOC','$2y$13$u1jgEYe5cb6uzDB5ireVtOb/RHW5Cqa.D.72llybueChVrSsnb3s6',NULL,'prueba@email.com',4,1,1,'2015-01-01 00:00:00','2015-01-01 00:00:00'),(60,'23130766','12pemSeqcG-ov-bgrrsQli74vxmmzPOC','$2y$13$3iQwP8Cab1efh67eSsjIleJQEsBqKH5tAtyqW4d7gU81vJqNHPeP.',NULL,'prueba@email.com',4,1,1,'2015-01-01 00:00:00','2015-01-01 00:00:00'),(61,'21865196','12pemSeqcG-ov-bgrrsQli74vxmmzPOC','$2y$13$1HH7FPMg2oKmCnJFDVf8iu53uE33SIuRR3d7ip8mFjvF1sm5i3gb2',NULL,'prueba@email.com',4,1,1,'2015-01-01 00:00:00','2015-01-01 00:00:00'),(62,'24134585','12pemSeqcG-ov-bgrrsQli74vxmmzPOC','$2y$13$0Gm5KWLiRwDcO3Oh3XLb9OBeneZ4pRMv9lu919fVA9O5dtLtocieG',NULL,'prueba@email.com',4,1,1,'2015-01-01 00:00:00','2015-01-01 00:00:00'),(63,'26842098','12pemSeqcG-ov-bgrrsQli74vxmmzPOC','$2y$13$5U5Em08E3A4Ro9RcGnItVeDp9rJExGoJOFWn1KUSSIMlXxdppwc.a',NULL,'prueba@email.com',4,1,1,'2015-01-01 00:00:00','2015-01-01 00:00:00'),(64,'25444440','12pemSeqcG-ov-bgrrsQli74vxmmzPOC','$2y$13$siIOKWRTSm04SLy9P5b3eeGReDS1ZJMOZUO77StpDufv.cza0RNnC',NULL,'prueba@email.com',4,1,1,'2015-01-01 00:00:00','2015-01-01 00:00:00'),(65,'28616030','12pemSeqcG-ov-bgrrsQli74vxmmzPOC','$2y$13$YJGwrEfmIVr0xN/c/tID3uC5KlU9kQuAjDPjmkE0LbmRwy8dbdBai',NULL,'prueba@email.com',4,1,1,'2015-01-01 00:00:00','2015-01-01 00:00:00'),(66,'23069977','12pemSeqcG-ov-bgrrsQli74vxmmzPOC','$2y$13$eAnbW0KZrs3VwDebP/qEtuz5MQ09llmI3bO04kzEF/KFDq9/AIXoG',NULL,'prueba@email.com',4,1,1,'2015-01-01 00:00:00','2015-01-01 00:00:00'),(67,'13302704','12pemSeqcG-ov-bgrrsQli74vxmmzPOC','$2y$13$H5mECjmLwWu7RACTGptxUenG9pH/OhINm2.2PJn.iHD7ka3m8B3NG',NULL,'prueba@email.com',4,1,1,'2015-01-01 00:00:00','2015-01-01 00:00:00'),(68,'24925181','12pemSeqcG-ov-bgrrsQli74vxmmzPOC','$2y$13$a0vkEr9WaT5WHYF9rHFE6Og4nj8r8z7s1DBR/lkL8TfbjSsCsbslm',NULL,'prueba@email.com',4,1,1,'2015-01-01 00:00:00','2015-01-01 00:00:00'),(69,'28009945','12pemSeqcG-ov-bgrrsQli74vxmmzPOC','$2y$13$PgNyaoV9o/SFu8q5DQaxDO5jRpKISTdWUCAKrQNpxPS4XGbflpC8m',NULL,'prueba@email.com',4,1,1,'2015-01-01 00:00:00','2015-01-01 00:00:00'),(70,'12839987','12pemSeqcG-ov-bgrrsQli74vxmmzPOC','$2y$13$WeGGD3ygKHe8cP3EKtbN9eMtSJtofVuXM17vCN4sLeqGoP7YEP402',NULL,'prueba@email.com',4,1,1,'2015-01-01 00:00:00','2015-01-01 00:00:00'),(71,'21739211','12pemSeqcG-ov-bgrrsQli74vxmmzPOC','$2y$13$GA4jvaNCK3cy3yz.6Bf/6u012AnOUDd7lw/v/e3np7MtREu4i4a5.',NULL,'prueba@email.com',4,1,1,'2015-01-01 00:00:00','2015-01-01 00:00:00'),(72,'13477369','12pemSeqcG-ov-bgrrsQli74vxmmzPOC','$2y$13$VncOhkODGrIqqrqR7fLFGeEN0h89RZIRwttOQ9NuHrxeV.MghzUVS',NULL,'prueba@email.com',4,1,1,'2015-01-01 00:00:00','2015-01-01 00:00:00'),(73,'5894238','12pemSeqcG-ov-bgrrsQli74vxmmzPOC','$2y$13$SHA9CPB9Fba4.GTZjpCRk.2cxvLSlVqIGQRjXufPRljD8T3FmWEEe',NULL,'prueba@email.com',4,1,1,'2015-01-01 00:00:00','2015-01-01 00:00:00'),(74,'12971669','12pemSeqcG-ov-bgrrsQli74vxmmzPOC','$2y$13$GagtVZlKswmhT5vUtxIrYO.1VcVHPzKGWYuXB1kJdyb9g6NVe3kUq',NULL,'prueba@email.com',4,1,1,'2015-01-01 00:00:00','2015-01-01 00:00:00'),(75,'17594241','12pemSeqcG-ov-bgrrsQli74vxmmzPOC','$2y$13$8c5YlvJB73JGO6XGG0R0/u7gRUxK4JC4Lny0ST/cV7MDYAajNP0hq',NULL,'prueba@email.com',4,1,1,'2015-01-01 00:00:00','2015-01-01 00:00:00'),(76,'12634990','12pemSeqcG-ov-bgrrsQli74vxmmzPOC','$2y$13$stn.4CU4x14Z.87AH8DxUuqmWi1ikvnFTLuG1rCFShH51cKSivgd2',NULL,'prueba@email.com',4,1,1,'2015-01-01 00:00:00','2015-01-01 00:00:00'),(77,'22979019','12pemSeqcG-ov-bgrrsQli74vxmmzPOC','$2y$13$5zuYy/bAcpJ5FA2nNtFGYucnns7ncxFWCDx17ICX6XGH0MTYyCl2C',NULL,'prueba@email.com',4,1,1,'2015-01-01 00:00:00','2015-01-01 00:00:00'),(78,'12740510','12pemSeqcG-ov-bgrrsQli74vxmmzPOC','$2y$13$kNZi1B3xNbNaAX19bLGA7ufOiXTsYz9hgU6o0y0bkuf.k5nJrmSYu',NULL,'prueba@email.com',4,1,1,'2015-01-01 00:00:00','2015-01-01 00:00:00'),(79,'18007439','12pemSeqcG-ov-bgrrsQli74vxmmzPOC','$2y$13$Aji.hCyHfmrMBfADdl.P7O54nK/NLmATnrvEKRYbwvRZ6VfkooY/2',NULL,'prueba@email.com',4,1,1,'2015-01-01 00:00:00','2015-01-01 00:00:00'),(80,'24134688','12pemSeqcG-ov-bgrrsQli74vxmmzPOC','$2y$13$cWxvi3lUmbte0F/ok1I/PeHxdvXMtTelBG4kAyvxdZ8RS/Vm1HBF6',NULL,'prueba@email.com',4,1,1,'2015-01-01 00:00:00','2015-01-01 00:00:00'),(81,'7695074','12pemSeqcG-ov-bgrrsQli74vxmmzPOC','$2y$13$/TypAQ02mxavPn6oXVL5KeEbpjo9Ff4zfiiEdspcF3e6zGvZs1Alm',NULL,'prueba@email.com',4,1,1,'2015-01-01 00:00:00','2015-01-01 00:00:00'),(82,'24876359','12pemSeqcG-ov-bgrrsQli74vxmmzPOC','$2y$13$gQ6/wHCoFWYUWu/qRywuNuL64Fs7jNPazYykFdKAMRXR3CLMmphjG',NULL,'prueba@email.com',4,1,1,'2015-01-01 00:00:00','2015-01-01 00:00:00'),(83,'20795626','12pemSeqcG-ov-bgrrsQli74vxmmzPOC','$2y$13$5nzJ3rvV3nfFBG4gA.LIo.JUErnHqiSQaVVu3JwGrlNqI4m8EtziO',NULL,'prueba@email.com',5,1,1,'2015-01-01 00:00:00','2019-02-26 15:38:05'),(84,'12021527','12pemSeqcG-ov-bgrrsQli74vxmmzPOC','$2y$13$9oL3rwNQFRbsRvuRcSoGQed6a1yImH6nmIDsVbt5eqrPDgpFLobS.',NULL,'prueba@email.com',4,1,1,'2015-01-01 00:00:00','2015-01-01 00:00:00'),(85,'28414821','12pemSeqcG-ov-bgrrsQli74vxmmzPOC','$2y$13$AWtQZC6VJyFwNae3iRPnx.lpInYjhAdLt5IHxZYw0kMgpiBjYcHti',NULL,'prueba@email.com',4,1,1,'2015-01-01 00:00:00','2015-01-01 00:00:00'),(86,'26264610','12pemSeqcG-ov-bgrrsQli74vxmmzPOC','$2y$13$FvkQ9RGarkkzqqpvb7XGy.C3s90IiDPxhCBt3/WEw0ym528LTCBL2',NULL,'prueba@email.com',4,1,1,'2015-01-01 00:00:00','2015-01-01 00:00:00'),(87,'27015103','12pemSeqcG-ov-bgrrsQli74vxmmzPOC','$2y$13$XVyjzsz4HFgHiiex8FBKXORXy0IZq/UoNePiS1/Upj0/iJSEGUkcC',NULL,'prueba@email.com',4,1,1,'2015-01-01 00:00:00','2015-01-01 00:00:00'),(88,'37672803','12pemSeqcG-ov-bgrrsQli74vxmmzPOC','$2y$13$aOsZeIQ4xPnVXoKT7q9s8OPeBBIwYb4ixWisP.0b7dUgqv2VT1Qxq',NULL,'prueba@email.com',4,1,1,'2015-01-01 00:00:00','2015-01-01 00:00:00'),(89,'18578875','12pemSeqcG-ov-bgrrsQli74vxmmzPOC','$2y$13$OEm5TPV3.Phh7hCiKIlN0e/MAhVu.apxcVdjSD1di6goO5GWRylfu',NULL,'prueba@email.com',4,1,1,'2015-01-01 00:00:00','2015-01-01 00:00:00'),(90,'24698955','12pemSeqcG-ov-bgrrsQli74vxmmzPOC','$2y$13$DdMkGpqCgn/HtQLObWo9BetuAiQ8l/Zn/R.ecnXCIevh86YAR.9Eq',NULL,'prueba@email.com',4,1,1,'2015-01-01 00:00:00','2015-01-01 00:00:00'),(91,'12768127','12pemSeqcG-ov-bgrrsQli74vxmmzPOC','$2y$13$NPNGCSnC09Uy1JnntUC92e7Z.93HtRoEkFepzJt/qzJwRwbU/8WRm',NULL,'prueba@email.com',4,1,1,'2015-01-01 00:00:00','2015-01-01 00:00:00'),(92,'20173488','12pemSeqcG-ov-bgrrsQli74vxmmzPOC','$2y$13$CWAx9YJPvmU7c8P/uCe8Wu66ZymqxWJrlqMRpl5rfj2n.XxoD7QjG',NULL,'prueba@email.com',4,1,1,'2015-01-01 00:00:00','2015-01-01 00:00:00'),(93,'17536384','12pemSeqcG-ov-bgrrsQli74vxmmzPOC','$2y$13$rq448RhLGaOLaOGUqkkdP.z4qGP4rexzzmGiy0b4kQhOQu7.t.znm',NULL,'prueba@email.com',4,1,1,'2015-01-01 00:00:00','2015-01-01 00:00:00'),(94,'13723932','12pemSeqcG-ov-bgrrsQli74vxmmzPOC','$2y$13$okpVbIF5mdqWZ0dnPgI5bOvvd0GsqP8n8EJNfJhvv610MClOWLq.i',NULL,'prueba@email.com',4,1,1,'2015-01-01 00:00:00','2015-01-01 00:00:00'),(95,'32538264','12pemSeqcG-ov-bgrrsQli74vxmmzPOC','$2y$13$.CUXZMWynb9OfuO9317V2.m73EcZ0QTDbVHlFqTD4u8YJ3pgKcwZO',NULL,'prueba@email.com',4,1,1,'2015-01-01 00:00:00','2015-01-01 00:00:00'),(96,'24650587','12pemSeqcG-ov-bgrrsQli74vxmmzPOC','$2y$13$LNMEeAdBd4BWp6tc/qCazOjBZi.KUynHxReDVB/i9c.uXENUEYbF.',NULL,'prueba@email.com',4,1,1,'2015-01-01 00:00:00','2015-01-01 00:00:00'),(97,'29040280','12pemSeqcG-ov-bgrrsQli74vxmmzPOC','$2y$13$dyRHxnNJBmfJ9jzHf2EmKOlxpvE6qbJ6cCAUyDmGdwx8Dwc9GRQNa',NULL,'prueba@email.com',4,1,1,'2015-01-01 00:00:00','2015-01-01 00:00:00'),(98,'32586477','12pemSeqcG-ov-bgrrsQli74vxmmzPOC','$2y$13$4lZR8MQ2hAivpKWMGkeK8OaHPsDBvONGz5qTXE76fs4UQQVsuM0B6',NULL,'prueba@email.com',4,1,1,'2015-01-01 00:00:00','2015-01-01 00:00:00'),(99,'10381116','12pemSeqcG-ov-bgrrsQli74vxmmzPOC','$2y$13$d0aU7rmykqTVSNQCY86Z1Oz7S0aE0ycdz8PWOBFJpmiGpciwaXJ5C',NULL,'prueba@email.com',4,1,1,'2015-01-01 00:00:00','2015-01-01 00:00:00'),(100,'29508904','12pemSeqcG-ov-bgrrsQli74vxmmzPOC','$2y$13$DQQNTAUxGOex8/mli67xr.9uocMAhoYICcsjO/UbcDvv1nACTUhxu',NULL,'prueba@email.com',4,1,1,'2015-01-01 00:00:00','2015-01-01 00:00:00'),(101,'21451550','12pemSeqcG-ov-bgrrsQli74vxmmzPOC','$2y$13$zIQnlGe9qH4tqs3VP/bTMuI2vVvc920ILmqsW3DLCROJTRutCaV6q',NULL,'prueba@email.com',4,1,1,'2015-01-01 00:00:00','2015-01-01 00:00:00'),(102,'39436150','12pemSeqcG-ov-bgrrsQli74vxmmzPOC','$2y$13$1AN8Sh.FBPz3k5JMYWuMZO0ffPOUU/qQJ4lAorguxe4CBCpkgb0pm',NULL,'prueba@email.com',4,1,1,'2015-01-01 00:00:00','2015-01-01 00:00:00'),(103,'32794767','12pemSeqcG-ov-bgrrsQli74vxmmzPOC','$2y$13$sBiit1RSUoBELBAJYr3QjuNZnqgiAi8Go4j4DjoWxPW2jTbSwVdjS',NULL,'prueba@email.com',4,1,1,'2015-01-01 00:00:00','2015-01-01 00:00:00'),(104,'28083999','12pemSeqcG-ov-bgrrsQli74vxmmzPOC','$2y$13$zs1WrMXdPhml.7JEJjkfQe0DN0.h0e2.tjWGemO2YvYNE4pMCcLQ6',NULL,'prueba@email.com',4,1,1,'2015-01-01 00:00:00','2015-01-01 00:00:00'),(105,'28634018','12pemSeqcG-ov-bgrrsQli74vxmmzPOC','$2y$13$6Z/ruiCoiemMfgPbTs45k.03kYwA4ufkQzCANs3KwgmR.xuxecUZi',NULL,'prueba@email.com',4,1,1,'2015-01-01 00:00:00','2015-01-01 00:00:00'),(106,'23638735','12pemSeqcG-ov-bgrrsQli74vxmmzPOC','$2y$13$5AToxiL1M2fVf0OaS8Mr5OPZwa.VPHDXIBNOg676lXZd2ngF87fae',NULL,'prueba@email.com',4,1,1,'2015-01-01 00:00:00','2015-01-01 00:00:00'),(107,'26648970','12pemSeqcG-ov-bgrrsQli74vxmmzPOC','$2y$13$ZG5aGyUPCuUnI4heJsgMr.bJzHu9D7xVd024SoRZp6J2FGFup8trq',NULL,'prueba@email.com',4,1,1,'2015-01-01 00:00:00','2015-01-01 00:00:00'),(108,'26685942','12pemSeqcG-ov-bgrrsQli74vxmmzPOC','$2y$13$yolPzt6w0YoeijCHTY/cCOTx/bMmvlbC57XG.MB/nkmwhKeVJ79WO',NULL,'prueba@email.com',4,1,1,'2015-01-01 00:00:00','2015-01-01 00:00:00'),(109,'33530222','12pemSeqcG-ov-bgrrsQli74vxmmzPOC','$2y$13$UfyjJEgFWQP63f/PUGRwWuFtAgJeBC34B.0igoTfUEa3tmHpmEhVe',NULL,'prueba@email.com',4,1,1,'2015-01-01 00:00:00','2015-01-01 00:00:00'),(110,'31929581','12pemSeqcG-ov-bgrrsQli74vxmmzPOC','$2y$13$bOSUrSV5/Fomg7S81IyQP.tADaqVSHn80gYZmCB8lFYjcLiwz5ilq',NULL,'prueba@email.com',4,1,1,'2015-01-01 00:00:00','2015-01-01 00:00:00'),(111,'21548725','12pemSeqcG-ov-bgrrsQli74vxmmzPOC','$2y$13$czsNwjhb3dXy4FWGDXVQiu4bhRlCIuGGHdWn0IVYMl1eo29fdtdMS',NULL,'prueba@email.com',4,1,1,'2015-01-01 00:00:00','2015-01-01 00:00:00'),(112,'17493469','12pemSeqcG-ov-bgrrsQli74vxmmzPOC','$2y$13$rvTacf4BENoM0226gR/WqO7hSjVr86oBMgIyy1Rc7b9umnVok8AHm',NULL,'prueba@email.com',4,1,1,'2015-01-01 00:00:00','2015-01-01 00:00:00'),(113,'16070066','12pemSeqcG-ov-bgrrsQli74vxmmzPOC','$2y$13$zhAPUBb7JbYvnqaNTx6aEuRYOxl2VwOHz4i7VgnJlf1rXe6vvo4wS',NULL,'prueba@email.com',4,1,1,'2015-01-01 00:00:00','2015-01-01 00:00:00'),(114,'25929191','12pemSeqcG-ov-bgrrsQli74vxmmzPOC','$2y$13$NsfPflOnubNmAi//foriIOIHYYmK0SsDxUhYalobbmRWoL8lROane',NULL,'prueba@email.com',4,1,1,'2015-01-01 00:00:00','2015-01-01 00:00:00'),(115,'26189220','12pemSeqcG-ov-bgrrsQli74vxmmzPOC','$2y$13$bqI4r2L2gSlk3G.qaZonou4Cj0qhGHpRbnzAKklKNmmnrTSh/ASES',NULL,'prueba@email.com',4,1,1,'2015-01-01 00:00:00','2015-01-01 00:00:00'),(116,'21808439','12pemSeqcG-ov-bgrrsQli74vxmmzPOC','$2y$13$d5LgqqoVvARTlaxYsKIBtOcoqi4g7FK7F63oWxDfCzKidP2i86RCW',NULL,'prueba@email.com',4,1,1,'2015-01-01 00:00:00','2015-01-01 00:00:00'),(117,'26080751','12pemSeqcG-ov-bgrrsQli74vxmmzPOC','$2y$13$yKjdGUeomd6osAWU9CSkq.d9Y8Q6pm2ob5H0lu8SDsUxgbDaxA7m6',NULL,'prueba@email.com',4,1,1,'2015-01-01 00:00:00','2015-01-01 00:00:00'),(118,'25827657','12pemSeqcG-ov-bgrrsQli74vxmmzPOC','$2y$13$ELbZHSIbGto5d2MeE7jO7uvRYUSe/ZQZ8IrtRJ.6z7lIfIt4yLDCS',NULL,'prueba@email.com',4,1,1,'2015-01-01 00:00:00','2015-01-01 00:00:00'),(119,'12570407','12pemSeqcG-ov-bgrrsQli74vxmmzPOC','$2y$13$dGGceOhKEy51umMySB9kmea2VM7smP17k6r0//Cnw88JLi9V0QNo2',NULL,'prueba@email.com',4,1,1,'2015-01-01 00:00:00','2015-01-01 00:00:00'),(120,'11314517','12pemSeqcG-ov-bgrrsQli74vxmmzPOC','$2y$13$Rad4CHnOMAVjZB8BiBuuRuUFKAzL.8RslPyCSGqWvW8O192p4ZEHO',NULL,'prueba@email.com',4,1,1,'2015-01-01 00:00:00','2015-01-01 00:00:00'),(121,'6414484','12pemSeqcG-ov-bgrrsQli74vxmmzPOC','$2y$13$ZOZIv9VJb5kYbvESGtYVyea0DpTZusT45KMnOuZ/.5LvdXt.C97ta',NULL,'prueba@email.com',4,1,1,'2015-01-01 00:00:00','2015-01-01 00:00:00'),(122,'18742022','12pemSeqcG-ov-bgrrsQli74vxmmzPOC','$2y$13$8rp1MsKePJm/3SSZO3J2i.iOD8MGG6hxqHJRa21iWEPXnITJf7OGi',NULL,'prueba@email.com',4,1,1,'2015-01-01 00:00:00','2015-01-01 00:00:00'),(123,'33245039','12pemSeqcG-ov-bgrrsQli74vxmmzPOC','$2y$13$rLFQbuH3bPbbw/Tr18NqTe2JlWbXSIZPtvLVkciOrmt5lskPO93ie',NULL,'prueba@email.com',4,1,1,'2015-01-01 00:00:00','2015-01-01 00:00:00'),(124,'29898270','12pemSeqcG-ov-bgrrsQli74vxmmzPOC','$2y$13$5KqAqp754Yfx4cN8aeQoE.WkQ3IQ6b5R8KVrqFe3cRCqxU6HYOpA2',NULL,'prueba@email.com',4,1,1,'2015-01-01 00:00:00','2015-01-01 00:00:00'),(125,'26586912','12pemSeqcG-ov-bgrrsQli74vxmmzPOC','$2y$13$.7R.wtCvBK1cbsW3u3p8juyYqrOXZSZNY.hA44VVUO3BGAsumW7n6',NULL,'prueba@email.com',4,1,1,'2015-01-01 00:00:00','2015-01-01 00:00:00'),(126,'32709712','12pemSeqcG-ov-bgrrsQli74vxmmzPOC','$2y$13$gw/KaH5Drte/yDEPad1P8u1EZK/lGwSO0gf/YG01G73cjveY2F3sq',NULL,'prueba@email.com',4,1,1,'2015-01-01 00:00:00','2015-01-01 00:00:00'),(127,'23800590','12pemSeqcG-ov-bgrrsQli74vxmmzPOC','$2y$13$sTOFvzioG42vxlKAa3bZneHNwDATDyyB.vor6gVpPD9ySN54TrN.O',NULL,'prueba@email.com',4,1,1,'2015-01-01 00:00:00','2015-01-01 00:00:00'),(128,'32577607','12pemSeqcG-ov-bgrrsQli74vxmmzPOC','$2y$13$oe6UeM3xnWzMF9d96Jhf8.LtlF8em8rBDPmMglDZ3AHJJDwQsyuO6',NULL,'prueba@email.com',4,1,1,'2015-01-01 00:00:00','2015-01-01 00:00:00'),(129,'22378837','12pemSeqcG-ov-bgrrsQli74vxmmzPOC','$2y$13$dxao4ijZwqbuW0qrADMMRevVHieNpuk0kBBCAeut86Mq.mW9Br9NW',NULL,'prueba@email.com',4,1,1,'2015-01-01 00:00:00','2015-01-01 00:00:00'),(130,'11776752','12pemSeqcG-ov-bgrrsQli74vxmmzPOC','$2y$13$YSAL9UGYVKqRrLAHOueBSudDVX/xC3diFPuHJv0CDdbuldDoY0/tO',NULL,'prueba@email.com',4,1,1,'2015-01-01 00:00:00','2015-01-01 00:00:00'),(131,'23735863','12pemSeqcG-ov-bgrrsQli74vxmmzPOC','$2y$13$byZ0NM/QTpAej8uIBCC.TeR0wOljAt7mwVYVtmmovDVrSTuqcaXr2',NULL,'prueba@email.com',4,1,1,'2015-01-01 00:00:00','2015-01-01 00:00:00'),(132,'18800726','12pemSeqcG-ov-bgrrsQli74vxmmzPOC','$2y$13$FZi8O2g6tbCXLcLRDQAZxedsp3kbeRuACkpQMq41MKbpjwo/K5ra.',NULL,'prueba@email.com',4,1,1,'2015-01-01 00:00:00','2015-01-01 00:00:00'),(133,'24656560','12pemSeqcG-ov-bgrrsQli74vxmmzPOC','$2y$13$OagezIsZe9WAntwotdQxY.poJiDTSvXSuSDj9o.ZHSx9WvBCYgOuK',NULL,'prueba@email.com',4,1,1,'2015-01-01 00:00:00','2015-01-01 00:00:00'),(134,'16180308','12pemSeqcG-ov-bgrrsQli74vxmmzPOC','$2y$13$6LvufiLQI568vQ3zg6Bph.AB7.L4z.VsBw.GgicJxESeDcmOLNTyG',NULL,'prueba@email.com',4,1,1,'2015-01-01 00:00:00','2015-01-01 00:00:00'),(135,'16692971','12pemSeqcG-ov-bgrrsQli74vxmmzPOC','$2y$13$Cf0zuHj3mMK2GW9sy/fM1OPNGGFnkIeWfs3XOUi.0SzOg0IbSh8g.',NULL,'prueba@email.com',4,1,1,'2015-01-01 00:00:00','2015-01-01 00:00:00'),(136,'23638754','12pemSeqcG-ov-bgrrsQli74vxmmzPOC','$2y$13$kn/JZXrBAG3YCBqsUZMToeOy0nLx14YrqRZBpy.pite.DnhvyVOse',NULL,'prueba@email.com',4,1,1,'2015-01-01 00:00:00','2015-01-01 00:00:00'),(137,'24187609','12pemSeqcG-ov-bgrrsQli74vxmmzPOC','$2y$13$I.rv/uyrLLX5v4/2EUl12.g08WwRho8jeCbiJKXr7LMLpBSBUXoVS',NULL,'prueba@email.com',4,1,1,'2015-01-01 00:00:00','2015-01-01 00:00:00'),(138,'24889588','12pemSeqcG-ov-bgrrsQli74vxmmzPOC','$2y$13$OuPlfKAeU4K6LDrtezpnpuJ3h4bJtuZGc/3GmUcGxL04gRQNbdQUC',NULL,'prueba@email.com',4,1,1,'2015-01-01 00:00:00','2015-01-01 00:00:00'),(139,'14926818','12pemSeqcG-ov-bgrrsQli74vxmmzPOC','$2y$13$pIQ90k7GJUufsDsJszdIjegUAJ0Wth0rqSVm7qaEDalDCCaL53sP.',NULL,'prueba@email.com',4,1,1,'2015-01-01 00:00:00','2015-01-01 00:00:00'),(140,'14256900','12pemSeqcG-ov-bgrrsQli74vxmmzPOC','$2y$13$q2SOa05z.1mdzgPmsnHdlO.f2c.XLh9Kp.0IzBcTPipOyP9qKVZMm',NULL,'prueba@email.com',4,1,1,'2015-01-01 00:00:00','2015-01-01 00:00:00'),(141,'16504569','12pemSeqcG-ov-bgrrsQli74vxmmzPOC','$2y$13$J7KAdjnH3qAnTKgH1EnSSefntL0xciYSwM82LhF8KQS.0nOqvpNdS',NULL,'prueba@email.com',4,1,1,'2015-01-01 00:00:00','2015-01-01 00:00:00'),(142,'17135906','12pemSeqcG-ov-bgrrsQli74vxmmzPOC','$2y$13$kx5ad8rJb5wk.B7zRxy3YO0tC05n.oQ2m1/JLF7BIADYvRXbG7nRe',NULL,'prueba@email.com',4,1,1,'2015-01-01 00:00:00','2015-01-01 00:00:00'),(143,'22641736','12pemSeqcG-ov-bgrrsQli74vxmmzPOC','$2y$13$epW.cRSTcqhdPKiQy8T1EuxOyMKuFGOvWdVETds2umd6N3vUdfs8e',NULL,'prueba@email.com',4,1,1,'2015-01-01 00:00:00','2015-01-01 00:00:00'),(144,'23797418','12pemSeqcG-ov-bgrrsQli74vxmmzPOC','$2y$13$R9Dm21Evke.SZXdyR70tROB4QN3KFVX8FHydLoQd9rFpfCzIMtpM2',NULL,'prueba@email.com',4,1,1,'2015-01-01 00:00:00','2015-01-01 00:00:00'),(145,'22124806','12pemSeqcG-ov-bgrrsQli74vxmmzPOC','$2y$13$fBkSg5svMSx7uSEOTBufwOLnqtaaBl3bNgU0ugUl2F7fdeNZp8f3S',NULL,'prueba@email.com',4,1,1,'2015-01-01 00:00:00','2015-01-01 00:00:00'),(146,'13477177','12pemSeqcG-ov-bgrrsQli74vxmmzPOC','$2y$13$ntxPRlOZ3Wn1BuynxywFnO6vQMtrYQ1YJOZZHuv5tkJCI/dhf8JKi',NULL,'prueba@email.com',4,1,1,'2015-01-01 00:00:00','2015-01-01 00:00:00'),(147,'16229505','12pemSeqcG-ov-bgrrsQli74vxmmzPOC','$2y$13$pYsUZGaryGlNJBjk/mjWhOm2AN8uK7KiE8jUuk3GKdZPdzpwJs01m',NULL,'prueba@email.com',4,1,1,'2015-01-01 00:00:00','2015-01-01 00:00:00'),(148,'12154189','12pemSeqcG-ov-bgrrsQli74vxmmzPOC','$2y$13$YLmX7VtWndMINXZO8gKXw.9F9Z74Ukzha3LX1KVTbgJa5Mqdwthv2',NULL,'prueba@email.com',4,1,1,'2015-01-01 00:00:00','2015-01-01 00:00:00'),(149,'24134661','12pemSeqcG-ov-bgrrsQli74vxmmzPOC','$2y$13$nxc8XHKh9Tmqf.FDOKeSZ.fYtJ/svKMU/AVPsPGuGoRUS/UMCXuni',NULL,'prueba@email.com',4,1,1,'2015-01-01 00:00:00','2015-01-01 00:00:00'),(150,'18821054','12pemSeqcG-ov-bgrrsQli74vxmmzPOC','$2y$13$VSpEetoWalUWMa6KJp2guu8CGaO095K5hkaiewhbHemhiayvUUAs2',NULL,'prueba@email.com',4,1,1,'2015-01-01 00:00:00','2015-01-01 00:00:00'),(151,'17135876','12pemSeqcG-ov-bgrrsQli74vxmmzPOC','$2y$13$Z.TCUW3SIvYuc5B1JQ5h2O1Cjfu03AVWroyVo5b6QqXGXt6sRDzEK',NULL,'prueba@email.com',4,1,1,'2015-01-01 00:00:00','2015-01-01 00:00:00'),(152,'17989621','12pemSeqcG-ov-bgrrsQli74vxmmzPOC','$2y$13$f7TlwUzQ72g7wx2qZk.XxOBLioXidf3BlWgVAbkfj7zpMPXL1agUu',NULL,'prueba@email.com',4,1,1,'2015-01-01 00:00:00','2015-01-01 00:00:00'),(153,'17540627','12pemSeqcG-ov-bgrrsQli74vxmmzPOC','$2y$13$DVOFxxOVPvARYAAkkyeXy.JKkqZK8nlMoHJAQTH0xAcQeR36Qomyu',NULL,'prueba@email.com',4,1,1,'2015-01-01 00:00:00','2015-01-01 00:00:00'),(154,'31496048','12pemSeqcG-ov-bgrrsQli74vxmmzPOC','$2y$13$wAQ8K5foIdgxKyxMCU9AoehKax03lBsjSyAQh7JomZX40s3yw7BUS',NULL,'prueba@email.com',4,1,1,'2015-01-01 00:00:00','2015-01-01 00:00:00'),(155,'17135824','12pemSeqcG-ov-bgrrsQli74vxmmzPOC','$2y$13$Ae707uayhozdQMrCx4aPse4fF6rBRmwXC2G/AEXHhlLe1ARO1eGna',NULL,'prueba@email.com',4,1,1,'2015-01-01 00:00:00','2015-01-01 00:00:00'),(156,'14979777','12pemSeqcG-ov-bgrrsQli74vxmmzPOC','$2y$13$FqxrKbws5hTT8z19DlEuFOecaDL7SUGJjTfu5KgZXhxbdJJuu6ySu',NULL,'prueba@email.com',4,1,1,'2015-01-01 00:00:00','2015-01-01 00:00:00'),(157,'11775681','12pemSeqcG-ov-bgrrsQli74vxmmzPOC','$2y$13$H/Ov1YLbBv3RB..ZKo7ra.fiTJdGPeFfpxAsMKiz6DsmvvZ5ltYxK',NULL,'prueba@email.com',4,1,1,'2015-01-01 00:00:00','2015-01-01 00:00:00'),(158,'7769388','12pemSeqcG-ov-bgrrsQli74vxmmzPOC','$2y$13$38749EsDfR4.1PST71Plf.vF5cWIpS9NZyBdZW2Lyz0CgS0.IA4dK',NULL,'prueba@email.com',4,1,1,'2015-01-01 00:00:00','2015-01-01 00:00:00'),(159,'12057039','12pemSeqcG-ov-bgrrsQli74vxmmzPOC','$2y$13$pZv55hrV/kiXIGcuc5knreEMWogbJgBYZ.kwd61ojFKbDgsO4pMLS',NULL,'prueba@email.com',4,1,1,'2015-01-01 00:00:00','2015-01-01 00:00:00'),(160,'25312863','12pemSeqcG-ov-bgrrsQli74vxmmzPOC','$2y$13$2JjtBdLVpqOlZUx7pCCwx.IXBGq74LxbDO0bnk00aKxOq3B6RZGEW',NULL,'prueba@email.com',4,1,1,'2015-01-01 00:00:00','2015-01-01 00:00:00'),(161,'30876015','12pemSeqcG-ov-bgrrsQli74vxmmzPOC','$2y$13$uoRlLIEixZn.UTYCLbfQyeVUBiDdiscxBLaJi8UQmZ0NmIEX1i7tG',NULL,'prueba@email.com',4,1,1,'2015-01-01 00:00:00','2015-01-01 00:00:00'),(162,'20350585','12pemSeqcG-ov-bgrrsQli74vxmmzPOC','$2y$13$SWIl8gpX5P9F9nAg20SEz.1JXhzIpzAzuxesgYY3Z9EFVTtaZHRr2',NULL,'prueba@email.com',4,1,1,'2015-01-01 00:00:00','2015-01-01 00:00:00'),(163,'14910480','12pemSeqcG-ov-bgrrsQli74vxmmzPOC','$2y$13$A4xW3oo3n8am4a9f3gNqgukrbtmiTj7PC933b4w/SwKLJH9ZI6P/S',NULL,'prueba@email.com',4,1,1,'2015-01-01 00:00:00','2015-01-01 00:00:00'),(164,'22751203','12pemSeqcG-ov-bgrrsQli74vxmmzPOC','$2y$13$3WFHqd00HYkt75jvW0Ua5.DCpX1kYMlk18JKQmiYxkJ6VFnsvM3XK',NULL,'prueba@email.com',4,1,1,'2015-01-01 00:00:00','2015-01-01 00:00:00'),(165,'24838834','12pemSeqcG-ov-bgrrsQli74vxmmzPOC','$2y$13$TRywH44kCNcclwcwAngOi.XW7bhNM3Qb/gHSb616fbVbVA5IelXmi',NULL,'prueba@email.com',4,1,1,'2015-01-01 00:00:00','2015-01-01 00:00:00'),(166,'13461228','12pemSeqcG-ov-bgrrsQli74vxmmzPOC','$2y$13$y3fCfXfl3rb4X4OhuyhIHObtBJrdy0F6ZBA9yYzmOOrBOnibDjZ/2',NULL,'prueba@email.com',4,1,1,'2015-01-01 00:00:00','2015-01-01 00:00:00'),(167,'16786613','12pemSeqcG-ov-bgrrsQli74vxmmzPOC','$2y$13$aT/4LLfvVEGKDdzGIiQGguCUZxhqKTOFn47tQlLYzk1NceNnfrVGK',NULL,'prueba@email.com',4,1,1,'2015-01-01 00:00:00','2015-01-01 00:00:00'),(168,'14248427','12pemSeqcG-ov-bgrrsQli74vxmmzPOC','$2y$13$uA9bAs8WLxSWma5XGb3bWeHVeGMQwl7IoJQrdmTQRyATQr9ci5tMm',NULL,'prueba@email.com',4,1,1,'2015-01-01 00:00:00','2015-01-01 00:00:00'),(169,'21832027','12pemSeqcG-ov-bgrrsQli74vxmmzPOC','$2y$13$EuRSFUrGnxQf6lF7ug9Cf.sJgFWucnhRMYS6ByxyNyFIV01lz0mXO',NULL,'prueba@email.com',4,1,1,'2015-01-01 00:00:00','2015-01-01 00:00:00'),(170,'34803677','12pemSeqcG-ov-bgrrsQli74vxmmzPOC','$2y$13$5JdPGb2eI3.ei2FriYhZ8.rSpuDHNZI.GiM9OZFZ0tF4zUUlcEPBS',NULL,'prueba@email.com',4,1,1,'2015-01-01 00:00:00','2015-01-01 00:00:00'),(171,'26381636','12pemSeqcG-ov-bgrrsQli74vxmmzPOC','$2y$13$tv3zYsUc3yPgZygRbNvmGuOdNPxbMqgUqr/NU3krEjrINycIzfmdG',NULL,'prueba@email.com',4,1,1,'2015-01-01 00:00:00','2015-01-01 00:00:00'),(172,'30329167','12pemSeqcG-ov-bgrrsQli74vxmmzPOC','$2y$13$e2FUlwgKqoGXCiWs1f7NrOeNacJ2HKqDQOWcow3dgTk9BrWpa1WZO',NULL,'prueba@email.com',4,1,1,'2015-01-01 00:00:00','2015-01-01 00:00:00'),(173,'24876082','12pemSeqcG-ov-bgrrsQli74vxmmzPOC','$2y$13$5alajXpV0RpAqP09espA/Ofz6/7wrypYWPrIBJSY/tX8fRzO7DTri',NULL,'prueba@email.com',4,1,1,'2015-01-01 00:00:00','2015-01-01 00:00:00'),(174,'21177092','12pemSeqcG-ov-bgrrsQli74vxmmzPOC','$2y$13$p5junFPBh1u2nFxMStiYc.Q07ZD/Aik.OFi2kTe/ZYOABdGITZDSG',NULL,'prueba@email.com',4,1,1,'2015-01-01 00:00:00','2015-01-01 00:00:00'),(175,'14909559','12pemSeqcG-ov-bgrrsQli74vxmmzPOC','$2y$13$1xHizVG0aFoxUbllGk67muDBCP64tWvy3mEtlbDs5hqRBu.f8v2ru',NULL,'prueba@email.com',4,1,1,'2015-01-01 00:00:00','2015-01-01 00:00:00'),(176,'18829274','12pemSeqcG-ov-bgrrsQli74vxmmzPOC','$2y$13$ntqpwaF5K6hQy.TyRc8WtuWE6u0TjDIcSLPsIEKIHOX6CSeUDYSVC',NULL,'prueba@email.com',4,1,1,'2015-01-01 00:00:00','2015-01-01 00:00:00'),(177,'25006782','12pemSeqcG-ov-bgrrsQli74vxmmzPOC','$2y$13$BvNJaxUWKfpRJzneyzKuSeeY8KNS9dglF.eSKA0hEzs6uBse02ssm',NULL,'prueba@email.com',4,1,1,'2015-01-01 00:00:00','2015-01-01 00:00:00'),(178,'18793294','12pemSeqcG-ov-bgrrsQli74vxmmzPOC','$2y$13$ffDAi9mcoWGHx0Dt9he7tu.XI2dL8Gd7M.DO4Gs0zRh/MEHvxzbv.',NULL,'prueba@email.com',4,1,1,'2015-01-01 00:00:00','2015-01-01 00:00:00'),(179,'16180203','12pemSeqcG-ov-bgrrsQli74vxmmzPOC','$2y$13$W.9xc4Bm7To5wkA8jKqu3el2k.6.T0GDHWu/H51OJE6Snc.6Bonhq',NULL,'prueba@email.com',4,1,1,'2015-01-01 00:00:00','2015-01-01 00:00:00'),(180,'22378952','12pemSeqcG-ov-bgrrsQli74vxmmzPOC','$2y$13$1nCOETq75GE7uzx4RZp0JOlbmV7kEglsvNuQBPv0eUV06sE635NRG',NULL,'prueba@email.com',4,1,1,'2015-01-01 00:00:00','2015-01-01 00:00:00'),(181,'23214243','12pemSeqcG-ov-bgrrsQli74vxmmzPOC','$2y$13$IlCpIlpUdEN2oy5ZNgnDbOAmlAHxXVmRZckdiXc43rB65CXbSNdNq',NULL,'prueba@email.com',4,1,1,'2015-01-01 00:00:00','2015-01-01 00:00:00'),(182,'22661519','12pemSeqcG-ov-bgrrsQli74vxmmzPOC','$2y$13$HvZNFGyz.HgoleXiCbCdG.0R2XGyLvLR/mbynALMBbHxlTAelnCBC',NULL,'prueba@email.com',4,1,1,'2015-01-01 00:00:00','2015-01-01 00:00:00'),(183,'26429325','12pemSeqcG-ov-bgrrsQli74vxmmzPOC','$2y$13$qNT9D5pgUsH5BhKu4WRh4u1.CnOkQY4g1z7s7eS9NUFdvXzed2U12',NULL,'prueba@email.com',4,1,1,'2015-01-01 00:00:00','2015-01-01 00:00:00'),(184,'17414230','12pemSeqcG-ov-bgrrsQli74vxmmzPOC','$2y$13$vztn0/RW/Jv8B/snsH9nxOEbnChojhIGIEBpY6A/FY5Sz2Uxax.bG',NULL,'prueba@email.com',4,1,1,'2015-01-01 00:00:00','2015-01-01 00:00:00'),(185,'20541448','12pemSeqcG-ov-bgrrsQli74vxmmzPOC','$2y$13$Lwq2d/j5Yf/9hkf8Oz7ig.T56eHYqUwT31I/jCo4ExmlJyivFIoEu',NULL,'prueba@email.com',4,1,1,'2015-01-01 00:00:00','2015-01-01 00:00:00'),(186,'24924669','12pemSeqcG-ov-bgrrsQli74vxmmzPOC','$2y$13$P7FYKBiRYmqs4iC7aGPn.uvqyPC2JxORsZEMup1HthEUfwlOsrgI.',NULL,'prueba@email.com',4,1,1,'2015-01-01 00:00:00','2015-01-01 00:00:00'),(187,'24134553','12pemSeqcG-ov-bgrrsQli74vxmmzPOC','$2y$13$bhVb78.2RqB/jcEV1jfVXO6WT.7Soo5e185LByyW4U/RIesDhvcEy',NULL,'prueba@email.com',4,1,1,'2015-01-01 00:00:00','2015-01-01 00:00:00'),(188,'24187500','12pemSeqcG-ov-bgrrsQli74vxmmzPOC','$2y$13$3iUYtirerdqpwBuJPk8muuFuzY3O2o32F4T1nGIUz1LAtOKjUBvYS',NULL,'prueba@email.com',4,1,1,'2015-01-01 00:00:00','2015-01-01 00:00:00'),(189,'12382888','12pemSeqcG-ov-bgrrsQli74vxmmzPOC','$2y$13$cmBJpDWp2xZWgGN58G7pDuktnPPobNCQQTpMIaABSu5UJaKg2inhS',NULL,'prueba@email.com',4,1,1,'2015-01-01 00:00:00','2015-01-01 00:00:00'),(190,'28932414','12pemSeqcG-ov-bgrrsQli74vxmmzPOC','$2y$13$ogeaDb3QFVAfntCfzvCzLuKcBhMhf5/uVHpl8wGVE3gV48li9fUQe',NULL,'prueba@email.com',4,1,1,'2015-01-01 00:00:00','2015-01-01 00:00:00'),(191,'31455067','12pemSeqcG-ov-bgrrsQli74vxmmzPOC','$2y$13$fyFT2JExxKjw1sYEDmzCueKUPq8D34M.AWRyegtuZdnrgOQ/helkS',NULL,'prueba@email.com',4,1,1,'2015-01-01 00:00:00','2015-01-01 00:00:00'),(192,'16110044','12pemSeqcG-ov-bgrrsQli74vxmmzPOC','$2y$13$s5gZkTYoOdG.8p3pgkPhJuesMmdjAvBSYrT.wDJ67jvDRXWKPxLJC',NULL,'prueba@email.com',4,1,1,'2015-01-01 00:00:00','2015-01-01 00:00:00'),(193,'13823968','12pemSeqcG-ov-bgrrsQli74vxmmzPOC','$2y$13$ktgH/E/PUhE9f0m5gDgaju3oMX8Hot0NgkGPvuFpB6lqD9W0E46Oe',NULL,'prueba@email.com',4,1,1,'2015-01-01 00:00:00','2015-01-01 00:00:00'),(194,'18452522','12pemSeqcG-ov-bgrrsQli74vxmmzPOC','$2y$13$rgK5GcnaF1sbHwhyBShS/uEl.Hj9uBJ1DJP6WGJyaf976Mry1qctq',NULL,'prueba@email.com',4,1,1,'2015-01-01 00:00:00','2015-01-01 00:00:00'),(195,'20196053','12pemSeqcG-ov-bgrrsQli74vxmmzPOC','$2y$13$zZNS.vGdzga2EeXMLRTsRuXZJPHaxh11sIFa5f5BDf.PBBxY8uPp2',NULL,'prueba@email.com',4,1,1,'2015-01-01 00:00:00','2015-01-01 00:00:00'),(196,'22896217','12pemSeqcG-ov-bgrrsQli74vxmmzPOC','$2y$13$2JOHQK7Ytx.7MQkqX.mW5OcBD8ykg.yymK7SzJDF8VWOaA9hsKEhO',NULL,'prueba@email.com',4,1,1,'2015-01-01 00:00:00','2015-01-01 00:00:00'),(197,'10403133','12pemSeqcG-ov-bgrrsQli74vxmmzPOC','$2y$13$JjA/Y9vrg0x0edGWkS8IJe2x5xXGeJoovbjhOpKCGi4EcEWkzfDNq',NULL,'prueba@email.com',4,1,1,'2015-01-01 00:00:00','2015-01-01 00:00:00'),(198,'27290317','12pemSeqcG-ov-bgrrsQli74vxmmzPOC','$2y$13$M/vpZ.d5BeZcc0TjoDNTYu6OOWBkq5ga4wRbZxCwu7Q2/RbvwQy6a',NULL,'prueba@email.com',4,1,1,'2015-01-01 00:00:00','2015-01-01 00:00:00'),(199,'10388920','12pemSeqcG-ov-bgrrsQli74vxmmzPOC','$2y$13$F7deKSPzlf8YlEVs55IiR.7aBNClmtl1p5fBpjRoJ2jjkoiXguakO',NULL,'prueba@email.com',4,1,1,'2015-01-01 00:00:00','2015-01-01 00:00:00'),(200,'21559652','12pemSeqcG-ov-bgrrsQli74vxmmzPOC','$2y$13$Mf8bVUR5k1vofiBKF9KAxuKugKde1cI5RqfVoMfx1RYsWvFy76.Q.',NULL,'prueba@email.com',4,1,1,'2015-01-01 00:00:00','2015-01-01 00:00:00'),(201,'17536565','12pemSeqcG-ov-bgrrsQli74vxmmzPOC','$2y$13$tKLz1MqMtr5sl8fR9WbnI.7JggYPV/gFdsfXXFFpYMYMQ7kVwYcJK',NULL,'prueba@email.com',4,1,1,'2015-01-01 00:00:00','2015-01-01 00:00:00'),(202,'31398693','12pemSeqcG-ov-bgrrsQli74vxmmzPOC','$2y$13$pVPsZwbaKoNB6x3qBu76beUE215.fsPC3bfoQjLB4W1KgiTJnl.Vu',NULL,'prueba@email.com',4,1,1,'2015-01-01 00:00:00','2015-01-01 00:00:00'),(203,'10103641','12pemSeqcG-ov-bgrrsQli74vxmmzPOC','$2y$13$8rOqmiELFjHZ8dhHhhYieuqBasz6ta797RtBqJKxJX33ECVW37cmq',NULL,'prueba@email.com',4,1,1,'2015-01-01 00:00:00','2015-01-01 00:00:00'),(204,'23950921','12pemSeqcG-ov-bgrrsQli74vxmmzPOC','$2y$13$CUKxizENuzNNDJhFuj45..EE.K9irZtYYt2.t/znCWeq2LON94pEe',NULL,'prueba@email.com',4,1,1,'2015-01-01 00:00:00','2015-01-01 00:00:00'),(205,'31063438','12pemSeqcG-ov-bgrrsQli74vxmmzPOC','$2y$13$tcHODgm4ZGdO.Lzd0oJVMe.co6oKdQardizU5IWVM9iLb42HVffyq',NULL,'prueba@email.com',4,1,1,'2015-01-01 00:00:00','2015-01-01 00:00:00'),(206,'92638504','12pemSeqcG-ov-bgrrsQli74vxmmzPOC','$2y$13$t5XHmSmBqzGD5r0DTR/5SOSiBSVTLY/1OyblWECiNd/5hWBa4eb5y',NULL,'prueba@email.com',4,1,1,'2015-01-01 00:00:00','2015-01-01 00:00:00'),(207,'29798211','12pemSeqcG-ov-bgrrsQli74vxmmzPOC','$2y$13$BXreOmymKBXtxtDT/4hUgunytU8Ukjimk2Mtpsa8j5j9CxVjnGzsG',NULL,'prueba@email.com',4,1,1,'2015-01-01 00:00:00','2015-01-01 00:00:00'),(208,'10388526','12pemSeqcG-ov-bgrrsQli74vxmmzPOC','$2y$13$d2LB9Rvy59db3Se/3uJcH.nzsZcFbGCwldbU5x8/OzGy1FYRK9JQO',NULL,'prueba@email.com',4,1,1,'2015-01-01 00:00:00','2015-01-01 00:00:00'),(209,'23069736','12pemSeqcG-ov-bgrrsQli74vxmmzPOC','$2y$13$6mmb1gBWDYBzJgrN0rTWf.pNP9zPcCL2.6UAkttk2AM807VWuEhjC',NULL,'prueba@email.com',4,1,1,'2015-01-01 00:00:00','2015-01-01 00:00:00'),(210,'13180225','12pemSeqcG-ov-bgrrsQli74vxmmzPOC','$2y$13$rxjVAXou8akqlxUQVWolbuu/RbkWd2ArD/2A7EOHB4tksaGZRf0Fa',NULL,'prueba@email.com',4,1,1,'2015-01-01 00:00:00','2015-01-01 00:00:00'),(211,'29940824','12pemSeqcG-ov-bgrrsQli74vxmmzPOC','$2y$13$RJ5ea55qegFR4p4Orhs4dO1Ycc2LMRdGEZ2Yp53yRgoPU3EfV5lD.',NULL,'prueba@email.com',4,1,1,'2015-01-01 00:00:00','2015-01-01 00:00:00'),(212,'32701596','12pemSeqcG-ov-bgrrsQli74vxmmzPOC','$2y$13$2NMOzJsrGWoj9NOW19C9iOx5jtL1KL8R/kr8aVgX.2EpJ0kMFblFi',NULL,'prueba@email.com',4,1,1,'2015-01-01 00:00:00','2015-01-01 00:00:00'),(213,'14397696','12pemSeqcG-ov-bgrrsQli74vxmmzPOC','$2y$13$T/UmXVsl4yyWWgaRbc9QReQkTmSNW9ryBknwm4JfhrI5Tyj.Nn3km',NULL,'prueba@email.com',4,1,1,'2015-01-01 00:00:00','2015-01-01 00:00:00'),(214,'22154556','12pemSeqcG-ov-bgrrsQli74vxmmzPOC','$2y$13$1/jHFHzNwY3aJejHYOd0l.SaP2aboGD5B/Msqt65EOENgLJH5qDzG',NULL,'prueba@email.com',4,1,1,'2015-01-01 00:00:00','2015-01-01 00:00:00'),(215,'20122987','12pemSeqcG-ov-bgrrsQli74vxmmzPOC','$2y$13$OAAGm30l7b9q2ID7BwTdFeASkuJiFgBaP/ubw.CDBXefp./3dbKB.',NULL,'prueba@email.com',4,1,1,'2015-01-01 00:00:00','2015-01-01 00:00:00'),(216,'16436245','12pemSeqcG-ov-bgrrsQli74vxmmzPOC','$2y$13$kwsNyDQq7rkiUGqQSy7WlOBsJBcZcOOjASv1rCSVFwSUYEKQHk7j6',NULL,'prueba@email.com',4,1,1,'2015-01-01 00:00:00','2015-01-01 00:00:00'),(217,'17464777','12pemSeqcG-ov-bgrrsQli74vxmmzPOC','$2y$13$yRTmWCcsZ7LJXLpt8XxGW.7blr72ol28ULszQT5becNV8snu3TTuO',NULL,'prueba@email.com',4,1,1,'2015-01-01 00:00:00','2015-01-01 00:00:00'),(218,'11185785','12pemSeqcG-ov-bgrrsQli74vxmmzPOC','$2y$13$MLnwOOgnmBsgNMwaHDr/k.17khdL/RFNbp.Q/wG.EvGNF8BHiA7mq',NULL,'prueba@email.com',4,1,1,'2015-01-01 00:00:00','2015-01-01 00:00:00'),(219,'18798782','12pemSeqcG-ov-bgrrsQli74vxmmzPOC','$2y$13$j8AYTrCvxzqcCHTd3vLRAudxGtjpHAf8ooTOVudy9VoJmiLDIP2WS',NULL,'prueba@email.com',4,1,1,'2015-01-01 00:00:00','2015-01-01 00:00:00'),(220,'20048779','12pemSeqcG-ov-bgrrsQli74vxmmzPOC','$2y$13$AQpcY/6pfvLqCv1w0.yPZusgIRXu6wwqasr0xhUJFU5VdwOiOpGy.',NULL,'prueba@email.com',4,1,1,'2015-01-01 00:00:00','2015-01-01 00:00:00'),(221,'13675016','12pemSeqcG-ov-bgrrsQli74vxmmzPOC','$2y$13$iTD0nJTQnKizvNdE3/J3euPRR28SXsLP0kdpX6B9Su3ivzJB0Tbpy',NULL,'prueba@email.com',4,1,1,'2015-01-01 00:00:00','2015-01-01 00:00:00'),(222,'29034271','12pemSeqcG-ov-bgrrsQli74vxmmzPOC','$2y$13$X9TRq5.QX.Iz8suTM9UAduWkvvRHTNOuU3SX8R566GVi6ChV3dSVG',NULL,'prueba@email.com',4,1,1,'2015-01-01 00:00:00','2015-01-01 00:00:00'),(223,'23252867','12pemSeqcG-ov-bgrrsQli74vxmmzPOC','$2y$13$vKK5SlXYgJqgQCnXh5TktulbP4eaKViAUpvqyfYNnnlSBPsWUT9Z2',NULL,'prueba@email.com',4,1,1,'2015-01-01 00:00:00','2015-01-01 00:00:00'),(224,'24187696','12pemSeqcG-ov-bgrrsQli74vxmmzPOC','$2y$13$gVnKMlWFxYgyUlRJq/7QReuxYZpacSBdj3pORZ4zHHoQ3352LQIqW',NULL,'prueba@email.com',4,1,1,'2015-01-01 00:00:00','2015-01-01 00:00:00'),(225,'34023429','12pemSeqcG-ov-bgrrsQli74vxmmzPOC','$2y$13$slxlRlS3OYZ1cJeOQA0WRelWPG8dPblQuDtWgcSlQUXUhm80KbBPy',NULL,'prueba@email.com',4,1,1,'2015-01-01 00:00:00','2015-01-01 00:00:00'),(226,'30274908','12pemSeqcG-ov-bgrrsQli74vxmmzPOC','$2y$13$9dOzPOmHCxP3RpB.yyrNyObxTTSCOUvLLf5nD3asnNKvGH3878.4m',NULL,'prueba@email.com',4,1,1,'2015-01-01 00:00:00','2015-01-01 00:00:00'),(227,'17135943','12pemSeqcG-ov-bgrrsQli74vxmmzPOC','$2y$13$u3IQTqQGV9hwXv52Pau/6enM.XJlVqh2ynCp14YuelhND6Nv0aDsu',NULL,'prueba@email.com',4,1,1,'2015-01-01 00:00:00','2015-01-01 00:00:00'),(228,'22436372','12pemSeqcG-ov-bgrrsQli74vxmmzPOC','$2y$13$YoDX6ygOE5OSqXqOdZvVzOWw6I.PkikPEcc9Jc35nokiOBQId97Ym',NULL,'prueba@email.com',4,1,1,'2015-01-01 00:00:00','2015-01-01 00:00:00'),(229,'25545753','12pemSeqcG-ov-bgrrsQli74vxmmzPOC','$2y$13$GytfgtFlZKNz7JScYumyk.spFdogLPwKSBOYPpxbysqCLq1r.8bRq',NULL,'prueba@email.com',4,1,1,'2015-01-01 00:00:00','2015-01-01 00:00:00'),(230,'13899867','12pemSeqcG-ov-bgrrsQli74vxmmzPOC','$2y$13$9KlQoNY9PnW10Qmq9DE1buMIbPMzKxAc2LM88cs.zaiHn94EZKnTG',NULL,'prueba@email.com',4,1,1,'2015-01-01 00:00:00','2015-01-01 00:00:00'),(231,'16862529','12pemSeqcG-ov-bgrrsQli74vxmmzPOC','$2y$13$VdAcbaeCNT8FRn2osNvqFun.c9IGZ2dmPFMtWOvi7YFEz.LCNdVhq',NULL,'prueba@email.com',4,1,1,'2015-01-01 00:00:00','2015-01-01 00:00:00'),(232,'18861093','12pemSeqcG-ov-bgrrsQli74vxmmzPOC','$2y$13$.HQQYNovgCv4DPE3lyXozORmNMaDvEoHaG0.ekpXGJYYzl24i/Ei2',NULL,'prueba@email.com',4,1,1,'2015-01-01 00:00:00','2015-01-01 00:00:00'),(233,'14595423','12pemSeqcG-ov-bgrrsQli74vxmmzPOC','$2y$13$.E1Pc6BIlbB8gdNWWW9qB.H9D9ljAFlnyzz/cc7tNVtoOpFNo60ue',NULL,'prueba@email.com',4,1,1,'2015-01-01 00:00:00','2015-01-01 00:00:00'),(234,'30192013','12pemSeqcG-ov-bgrrsQli74vxmmzPOC','$2y$13$Li/PO73Vb2djsyki0Pe20.F/jSragM6l2Jx3uBKC8Y.abqHV8XmVa',NULL,'prueba@email.com',4,1,1,'2015-01-01 00:00:00','2015-01-01 00:00:00'),(235,'21878059','12pemSeqcG-ov-bgrrsQli74vxmmzPOC','$2y$13$NOCmVvE.MyxAv0Et7zVSZevmFen4AuOIy/a6BxVDtQXXkYOdKzdHW',NULL,'prueba@email.com',4,1,1,'2015-01-01 00:00:00','2015-01-01 00:00:00'),(236,'20460813','12pemSeqcG-ov-bgrrsQli74vxmmzPOC','$2y$13$E5/hHg5r198divbukm6tp.2zq6Zi7Tg2hDR876uMivjgCX/6A5YqK',NULL,'prueba@email.com',4,1,1,'2015-01-01 00:00:00','2015-01-01 00:00:00'),(237,'5894281','12pemSeqcG-ov-bgrrsQli74vxmmzPOC','$2y$13$q20ZMkxSVyzOdhqZt6gByOLvOSy39znw4qIvQROYpjZOHAw.AUusi',NULL,'prueba@email.com',4,1,1,'2015-01-01 00:00:00','2015-01-01 00:00:00'),(238,'17824627','12pemSeqcG-ov-bgrrsQli74vxmmzPOC','$2y$13$6Ysi07Wre22FmgovsOtzPu6dbltBhSTBZGEPFqOLc.4gTjMoeKw/C',NULL,'prueba@email.com',4,1,1,'2015-01-01 00:00:00','2015-01-01 00:00:00'),(239,'22730845','12pemSeqcG-ov-bgrrsQli74vxmmzPOC','$2y$13$FA.OJBF6KN.o.Q62D45Dpu3dbLbJRfxen3hHgPqVLVVvyBVGcbxO6',NULL,'prueba@email.com',4,1,1,'2015-01-01 00:00:00','2015-01-01 00:00:00'),(240,'17590368','12pemSeqcG-ov-bgrrsQli74vxmmzPOC','$2y$13$y1ccqXB/j26ZvtKGPo5laOd45jgKa6kxfkLbwCLpuZqO421Rnu8ji',NULL,'prueba@email.com',4,1,1,'2015-01-01 00:00:00','2015-01-01 00:00:00'),(241,'18588204','12pemSeqcG-ov-bgrrsQli74vxmmzPOC','$2y$13$qKLNWtoUaXP5LfeYhdf7VuugCTPR9ZGXhF0wgrrJYqVbnS7vbOLs2',NULL,'prueba@email.com',4,1,1,'2015-01-01 00:00:00','2015-01-01 00:00:00'),(242,'25423760','12pemSeqcG-ov-bgrrsQli74vxmmzPOC','$2y$13$BDB.DjjpUc1pvmocKF12aesI2stuRj6OC1ctjLwyurMH6ObLuYNNi',NULL,'prueba@email.com',4,1,1,'2015-01-01 00:00:00','2015-01-01 00:00:00'),(243,'27292099','12pemSeqcG-ov-bgrrsQli74vxmmzPOC','$2y$13$GcGFOd7Aq0O0YGjGmkDTruE95hZ5awAnwrkeVj6cGM//tqBTvD/mq',NULL,'prueba@email.com',4,1,1,'2015-01-01 00:00:00','2015-01-01 00:00:00'),(244,'20750447','12pemSeqcG-ov-bgrrsQli74vxmmzPOC','$2y$13$K8ANfFMnnVTBKpN0VlvrTuez/v29XC0QqNYl6zPrnSp0fdvlcUHrW',NULL,'prueba@email.com',4,1,1,'2015-01-01 00:00:00','2015-01-01 00:00:00'),(245,'23069897','12pemSeqcG-ov-bgrrsQli74vxmmzPOC','$2y$13$/jmG3A1gND.a0nPK424XA./ARHU2wkHaxqYaWrIok1J9fFOswpxVq',NULL,'prueba@email.com',4,1,1,'2015-01-01 00:00:00','2015-01-01 00:00:00'),(246,'20695241','12pemSeqcG-ov-bgrrsQli74vxmmzPOC','$2y$13$DkNjI7MoM7lDHXTzKuou/et1SynAr.HP4W0blRBrfnwiVm/W2tfo6',NULL,'prueba@email.com',4,1,1,'2015-01-01 00:00:00','2015-01-01 00:00:00'),(247,'23123156','12pemSeqcG-ov-bgrrsQli74vxmmzPOC','$2y$13$Duu2PfsyQZWBqi/sqpBweeqUDIbrukP3Jb1rb6elolXYDLv2DKp2y',NULL,'prueba@email.com',4,1,1,'2015-01-01 00:00:00','2015-01-01 00:00:00'),(248,'26737678','12pemSeqcG-ov-bgrrsQli74vxmmzPOC','$2y$13$.d1C8Uv8Dk5kO1TO5/Dkx.OHF6zjk4n5yGiFWfyJwmivTWqM4Jt.i',NULL,'prueba@email.com',4,1,1,'2015-01-01 00:00:00','2015-01-01 00:00:00'),(249,'24370609','12pemSeqcG-ov-bgrrsQli74vxmmzPOC','$2y$13$hWjagSbiglOEkc5Kgor5VuNhKn51fyF73s/WfYYFy.LOa48stuWzS',NULL,'prueba@email.com',4,1,1,'2015-01-01 00:00:00','2015-01-01 00:00:00'),(250,'14930915','12pemSeqcG-ov-bgrrsQli74vxmmzPOC','$2y$13$kn9/WGuLQ66N/gXdTTi.8euVH9XZdXMj5wOhbA8AD2tvY1XLxPOa6',NULL,'prueba@email.com',4,1,1,'2015-01-01 00:00:00','2015-01-01 00:00:00'),(251,'12482659','12pemSeqcG-ov-bgrrsQli74vxmmzPOC','$2y$13$8TjOAaMYhqn9wYyG.nNAWO7.dDu3jHnJ15YcZvj.vCy/7igGWQ6cK',NULL,'prueba@email.com',4,1,1,'2015-01-01 00:00:00','2015-01-01 00:00:00'),(252,'17135942','12pemSeqcG-ov-bgrrsQli74vxmmzPOC','$2y$13$9bdkyrN9XzLZQUhieXTZcuV9WEgFVon.z8kGtV4.5ved/E2xGgu0.',NULL,'prueba@email.com',4,1,1,'2015-01-01 00:00:00','2015-01-01 00:00:00'),(253,'16959175','12pemSeqcG-ov-bgrrsQli74vxmmzPOC','$2y$13$.a.hA4SyiAxTlsQ/UjJe9ec.YYDSmW8LEFHOOg1PW2Fr6cITeomJe',NULL,'prueba@email.com',4,1,1,'2015-01-01 00:00:00','2015-01-01 00:00:00'),(254,'22979018','12pemSeqcG-ov-bgrrsQli74vxmmzPOC','$2y$13$X4RJFFuhLCbFLiV5.I9pMugehEdyIBsaPimo6I3xAtNyaTWsC6.jO',NULL,'prueba@email.com',4,1,1,'2015-01-01 00:00:00','2015-01-01 00:00:00'),(255,'23270105','12pemSeqcG-ov-bgrrsQli74vxmmzPOC','$2y$13$Nw/v7bGy.Fjhh3IORSltkecEkr4/sObklTVq4d9uXiZj5rgG19Tf6',NULL,'prueba@email.com',4,1,1,'2015-01-01 00:00:00','2015-01-01 00:00:00'),(256,'22730863','12pemSeqcG-ov-bgrrsQli74vxmmzPOC','$2y$13$5w1eFsdmXLm/wNurGbMCjeganFCzSQh0yqOyhgbcRybEM0LEdE31G',NULL,'prueba@email.com',4,1,1,'2015-01-01 00:00:00','2015-01-01 00:00:00'),(257,'32063812','12pemSeqcG-ov-bgrrsQli74vxmmzPOC','$2y$13$LJvfOqqq6Y96KUismhPCze.rN.DU.P6DMQ51YbdsrHysT.LQUTYwK',NULL,'prueba@email.com',4,1,1,'2015-01-01 00:00:00','2015-01-01 00:00:00'),(258,'18559280','12pemSeqcG-ov-bgrrsQli74vxmmzPOC','$2y$13$KjuY/W8fWVJ3jlJsEbK.R.3nHmrSSi1UNzaulyN7Hj3DKeUHQSY6O',NULL,'prueba@email.com',4,1,1,'2015-01-01 00:00:00','2015-01-01 00:00:00'),(259,'10994644','12pemSeqcG-ov-bgrrsQli74vxmmzPOC','$2y$13$BXIJVSzwrDR8/XSZ1fBCQOvAcXTFF9bCENI4PxHl33sNhljUamfWq',NULL,'prueba@email.com',4,1,1,'2015-01-01 00:00:00','2015-01-01 00:00:00'),(260,'26404268','12pemSeqcG-ov-bgrrsQli74vxmmzPOC','$2y$13$g59AAar9IThsVW2Hx3sGHuM4N.QP2mIDF9g8B.Ww3bxujA47Zcile',NULL,'prueba@email.com',4,1,1,'2015-01-01 00:00:00','2015-01-01 00:00:00'),(261,'28932667','12pemSeqcG-ov-bgrrsQli74vxmmzPOC','$2y$13$srMfFDowZP4/hwUXd1naB.YaexX.Y17TAontOZ69SP7zscSIWXlwa',NULL,'prueba@email.com',4,1,1,'2015-01-01 00:00:00','2015-01-01 00:00:00'),(262,'32972776','12pemSeqcG-ov-bgrrsQli74vxmmzPOC','$2y$13$OygvD.djFvtkeu.XLF0hBO3HSPsjYf0yUmWZZsXv4FYF7JrzF.JVa',NULL,'prueba@email.com',4,1,1,'2015-01-01 00:00:00','2015-01-01 00:00:00'),(263,'24876414','12pemSeqcG-ov-bgrrsQli74vxmmzPOC','$2y$13$fjiTn0u.dCkhdOyZO29icOxhgArut4pu.FgSY4GrCROJInLZENFzG',NULL,'prueba@email.com',4,1,1,'2015-01-01 00:00:00','2015-01-01 00:00:00'),(264,'21638861','12pemSeqcG-ov-bgrrsQli74vxmmzPOC','$2y$13$ffsKX1TzbOQEDQBVGjNL3epUFHf6PklvFen8jzxVTT85yK1dcZWYO',NULL,'prueba@email.com',4,1,1,'2015-01-01 00:00:00','2015-01-01 00:00:00'),(265,'30698298','12pemSeqcG-ov-bgrrsQli74vxmmzPOC','$2y$13$l26E.PQAkzheCJwqzXcIgO4ot9.kBdI78cgAI8Lof8sWkbOHQIxNe',NULL,'prueba@email.com',4,1,1,'2015-01-01 00:00:00','2015-01-01 00:00:00'),(266,'17530512','12pemSeqcG-ov-bgrrsQli74vxmmzPOC','$2y$13$veAodvIwqFnu1MG1XFCrUuzGaxNpmW22VIEPxGr14noWNyfLr1D02',NULL,'prueba@email.com',4,1,1,'2015-01-01 00:00:00','2015-01-01 00:00:00'),(267,'14728390','12pemSeqcG-ov-bgrrsQli74vxmmzPOC','$2y$13$XmFUfoD4KKQhlssOFxQUy.tsEKVEqLMepWpH9iUvaItMiFy3EwC/y',NULL,'prueba@email.com',4,1,1,'2015-01-01 00:00:00','2015-01-01 00:00:00'),(268,'18778861','12pemSeqcG-ov-bgrrsQli74vxmmzPOC','$2y$13$flJFKBAsUdOIXW6xYWdDXueAwqIDJt8sUWQnFpXm6KOx2DqBtL4GG',NULL,'prueba@email.com',4,1,1,'2015-01-01 00:00:00','2015-01-01 00:00:00'),(269,'21604103','12pemSeqcG-ov-bgrrsQli74vxmmzPOC','$2y$13$dbtg56i5FgIrthtmZI/zw..sswjbPtOcui9H1qMqI6QQmNakmsBK2',NULL,'prueba@email.com',4,1,1,'2015-01-01 00:00:00','2015-01-01 00:00:00'),(270,'21451061','12pemSeqcG-ov-bgrrsQli74vxmmzPOC','$2y$13$XrTLH3LN0r4NCWxKIbrloellbjAwrnVm9cnwMPF1MSHWUO2ksbqom',NULL,'prueba@email.com',4,1,1,'2015-01-01 00:00:00','2015-01-01 00:00:00'),(271,'31089997','12pemSeqcG-ov-bgrrsQli74vxmmzPOC','$2y$13$8yQ1dayo4FOKVqjNksmtl.YLzqUOCBLOtbTAcJZ.P9NZRTv/0KHuq',NULL,'prueba@email.com',4,1,1,'2015-01-01 00:00:00','2015-01-01 00:00:00'),(272,'34331253','12pemSeqcG-ov-bgrrsQli74vxmmzPOC','$2y$13$VZSIBqh46eXilE3QfRo3k.4XpDpFM555HVehQ0EsEYGJxb4H/d3fK',NULL,'prueba@email.com',4,1,1,'2015-01-01 00:00:00','2015-01-01 00:00:00'),(273,'28682658','12pemSeqcG-ov-bgrrsQli74vxmmzPOC','$2y$13$7WMkj93d1gIo.THrOBPMD.E4ui4WjbFGEjIcZYM0CoPzwPAcxWLAO',NULL,'prueba@email.com',4,1,1,'2015-01-01 00:00:00','2015-01-01 00:00:00'),(274,'32049404','12pemSeqcG-ov-bgrrsQli74vxmmzPOC','$2y$13$Tpkh02SNQmC0CEbiz/YXRuQ6ysz4qzhlOnuCfwZleNgoW4sGJNDbm',NULL,'prueba@email.com',4,1,1,'2015-01-01 00:00:00','2015-01-01 00:00:00'),(275,'22325363','12pemSeqcG-ov-bgrrsQli74vxmmzPOC','$2y$13$wN58zGCYXDo08MhETLpxSu5KTnTUuqTLd98Bj7SINMTM94bVraUVO',NULL,'prueba@email.com',4,1,1,'2015-01-01 00:00:00','2015-01-01 00:00:00'),(276,'27301252','12pemSeqcG-ov-bgrrsQli74vxmmzPOC','$2y$13$HkNmmaNPkMtCEdafdY.eWeKV86kkl8JXBKeBEwke/BF4JCotPQ0kC',NULL,'prueba@email.com',4,1,1,'2015-01-01 00:00:00','2015-01-01 00:00:00'),(277,'16786789','12pemSeqcG-ov-bgrrsQli74vxmmzPOC','$2y$13$xcJiH7jr/QLuddhd1aIvo.N8R445yLXacXPubN2krqGLaOmDOV7r6',NULL,'prueba@email.com',4,1,1,'2015-01-01 00:00:00','2015-01-01 00:00:00'),(278,'94117153','12pemSeqcG-ov-bgrrsQli74vxmmzPOC','$2y$13$R6gzyetljj3xkqycB1ONY.1a988BiB6NPvOSytuDO05uSdrO3iWaq',NULL,'prueba@email.com',4,1,1,'2015-01-01 00:00:00','2015-01-01 00:00:00'),(279,'29898120','12pemSeqcG-ov-bgrrsQli74vxmmzPOC','$2y$13$/fy7I0AxnfhJCH1mzbzI8uYASXmphUMG656RwGOZU1HuyMQuyQrau',NULL,'prueba@email.com',4,1,1,'2015-01-01 00:00:00','2015-01-01 00:00:00'),(280,'28616200','12pemSeqcG-ov-bgrrsQli74vxmmzPOC','$2y$13$5vlMSVvCOaV7t/O6GawcX.QZagqiHbFnyuioJ0ObyqpzxwY/zzLm6',NULL,'prueba@email.com',4,1,1,'2015-01-01 00:00:00','2015-01-01 00:00:00'),(281,'23638852','12pemSeqcG-ov-bgrrsQli74vxmmzPOC','$2y$13$jgk9Jvq4NgxyWLd3msrMwey5Uzil3fqLLO21ybm2DOEXlBryVQ6tC',NULL,'prueba@email.com',4,1,1,'2015-01-01 00:00:00','2015-01-01 00:00:00'),(282,'23245865','12pemSeqcG-ov-bgrrsQli74vxmmzPOC','$2y$13$RkFRBlA2wYBTIH/oHS0nOeFWzjYYaYpE6UhzRtG2ax4VF6k8Oz5.e',NULL,'prueba@email.com',4,1,1,'2015-01-01 00:00:00','2015-01-01 00:00:00'),(283,'25224878','12pemSeqcG-ov-bgrrsQli74vxmmzPOC','$2y$13$t0qPDcazXwD2psAN9lIR0e7c/vHNOclYhl5xiJCvuC.jHxxjwXiyG',NULL,'prueba@email.com',4,1,1,'2015-01-01 00:00:00','2015-01-01 00:00:00'),(284,'32538204','12pemSeqcG-ov-bgrrsQli74vxmmzPOC','$2y$13$4pUcq/I4pH2Bonss.u9Bhu1aSB.ynlH.BObHUPTv0ETgkyc5JsOQu',NULL,'prueba@email.com',4,1,1,'2015-01-01 00:00:00','2015-01-01 00:00:00'),(285,'13097147','12pemSeqcG-ov-bgrrsQli74vxmmzPOC','$2y$13$VFX/3qTel4ulawWsIFwVI.oCRcMca3rwmgDqt/oghoT0/uE5MolcG',NULL,'prueba@email.com',4,1,1,'2015-01-01 00:00:00','2015-01-01 00:00:00'),(286,'26325482','12pemSeqcG-ov-bgrrsQli74vxmmzPOC','$2y$13$JyLmaOa1spykEe8OwqXFjOee4xFVMGfTXMy3uBrjMwHxpBdY2a4n6',NULL,'prueba@email.com',4,1,1,'2015-01-01 00:00:00','2015-01-01 00:00:00'),(287,'16187995','12pemSeqcG-ov-bgrrsQli74vxmmzPOC','$2y$13$DQcaIaWRIHE6y2WBN.D3ceJgOG9IBskIcsa2XSuGEVK/676wpr6Ci',NULL,'prueba@email.com',4,1,1,'2015-01-01 00:00:00','2015-01-01 00:00:00'),(288,'8569449','12pemSeqcG-ov-bgrrsQli74vxmmzPOC','$2y$13$Jpe.kRqNcoTVRwZwk/4N/.JiqE73Na30keO3cu.5tXkax/ol6iVui',NULL,'prueba@email.com',4,1,1,'2015-01-01 00:00:00','2015-01-01 00:00:00'),(289,'aacademica','','$2y$13$xE6Mf6Tcn7jzxPeBORBR3u5uiPo2/oXSGcSTLjwnPLmy6vxHBXRRq',NULL,'weqweq@qeqw.ee',6,1,1,'2019-02-26 17:05:57','2019-02-26 17:05:57'),(290,'sacademica','','$2y$13$.CkWbsx5haZWB068iJAFueDp9Ha1avdnwIYQg.joKRMPmbr2wDlOa',NULL,'qweqweq@wqwe.cc',7,1,1,'2019-02-27 10:11:44','2019-02-27 10:12:11');
/*!40000 ALTER TABLE `user` ENABLE KEYS */;
UNLOCK TABLES;
/*!40103 SET TIME_ZONE=@OLD_TIME_ZONE */;

/*!40101 SET SQL_MODE=@OLD_SQL_MODE */;
/*!40014 SET FOREIGN_KEY_CHECKS=@OLD_FOREIGN_KEY_CHECKS */;
/*!40014 SET UNIQUE_CHECKS=@OLD_UNIQUE_CHECKS */;
/*!40101 SET CHARACTER_SET_CLIENT=@OLD_CHARACTER_SET_CLIENT */;
/*!40101 SET CHARACTER_SET_RESULTS=@OLD_CHARACTER_SET_RESULTS */;
/*!40101 SET COLLATION_CONNECTION=@OLD_COLLATION_CONNECTION */;
/*!40111 SET SQL_NOTES=@OLD_SQL_NOTES */;

-- Dump completed on 2019-02-27 19:45:37
